id,subtype,length,same_answer,score,latency_s
conv-billing-001,context_swap,short,False,0.0500,0.399
conv-billing-002,context_swap,short,False,0.0800,0.363
conv-billing-003,context_swap,short,False,0.1500,0.364
conv-billing-004,context_swap,short,False,0.1900,0.363
conv-billing-005,context_swap,medium,False,0.1000,0.352
conv-billing-006,context_swap,medium,False,0.0800,0.383
conv-billing-007,context_swap,medium,False,0.0800,0.426
conv-billing-008,context_swap,long,False,0.1100,0.361
conv-billing-009,context_swap,long,False,0.0800,0.375
conv-billing-010,context_swap,long,False,0.1500,0.353
conv-billing-011,detail_swap,short,False,0.0800,0.364
conv-billing-012,detail_swap,short,False,0.0700,0.413
conv-billing-013,detail_swap,short,False,0.3000,0.361
conv-billing-014,detail_swap,short,False,0.2200,0.353
conv-billing-015,detail_swap,medium,False,0.3400,0.383
conv-billing-016,detail_swap,medium,False,0.1900,0.390
conv-billing-017,detail_swap,medium,False,0.4300,0.444
conv-billing-018,detail_swap,long,False,0.8500,0.377
conv-billing-019,detail_swap,long,False,0.1700,0.358
conv-billing-020,detail_swap,long,False,0.4800,0.399
conv-billing-021,intent_flip,short,False,0.0700,0.345
conv-billing-022,intent_flip,short,False,0.0900,0.361
conv-billing-023,intent_flip,short,False,0.1900,0.364
conv-billing-024,intent_flip,medium,False,0.0900,0.359
conv-billing-025,intent_flip,medium,False,0.1000,0.373
conv-billing-026,intent_flip,medium,False,0.0700,0.350
conv-billing-027,intent_flip,medium,False,0.0800,0.439
conv-billing-028,intent_flip,long,False,0.2800,0.369
conv-billing-029,intent_flip,long,False,0.1100,0.587
conv-billing-030,intent_flip,long,False,0.1100,0.376
conv-billing-031,same_context_reworded,short,True,0.7400,0.382
conv-billing-032,same_context_reworded,short,True,0.8500,0.350
conv-billing-033,same_context_reworded,short,True,0.7500,0.394
conv-billing-034,same_context_reworded,medium,True,0.9000,0.345
conv-billing-035,same_context_reworded,medium,True,0.7800,0.394
conv-billing-036,same_context_reworded,medium,True,0.8500,0.397
conv-billing-037,same_context_reworded,medium,True,0.8300,0.355
conv-billing-038,same_context_reworded,long,True,0.7100,0.379
conv-billing-039,same_context_reworded,long,True,0.8000,0.385
conv-billing-040,same_context_reworded,long,True,0.6800,0.356
conv-billing-041,irrelevant_history,short,True,0.8500,0.392
conv-billing-042,irrelevant_history,short,True,0.7700,0.358
conv-billing-043,irrelevant_history,short,True,0.8200,0.322
conv-billing-044,irrelevant_history,medium,True,0.8500,0.479
conv-billing-045,irrelevant_history,medium,True,0.7800,0.344
conv-billing-046,irrelevant_history,medium,True,0.7800,0.415
conv-billing-047,irrelevant_history,long,True,0.5100,0.356
conv-billing-048,irrelevant_history,long,True,0.6200,0.346
conv-billing-049,irrelevant_history,long,True,0.5700,0.402
conv-billing-050,irrelevant_history,long,True,0.5700,0.372
conv-billing-051,same_context_extra_chatter,short,True,0.9100,0.373
conv-billing-052,same_context_extra_chatter,short,True,0.8900,0.388
conv-billing-053,same_context_extra_chatter,short,True,0.9200,0.396
conv-billing-054,same_context_extra_chatter,medium,True,0.9000,0.441
conv-billing-055,same_context_extra_chatter,medium,True,0.9200,0.398
conv-billing-056,same_context_extra_chatter,medium,True,0.9300,0.441
conv-billing-057,same_context_extra_chatter,long,True,0.8500,0.478
conv-billing-058,same_context_extra_chatter,long,True,0.8200,0.395
conv-billing-059,same_context_extra_chatter,long,True,0.9200,0.403
conv-billing-060,same_context_extra_chatter,long,True,0.9000,0.353
conv-retail-001,context_swap,short,False,0.1400,0.385
conv-retail-002,context_swap,short,False,0.1200,0.393
conv-retail-003,context_swap,short,False,0.1500,0.334
conv-retail-004,context_swap,short,False,0.1800,0.554
conv-retail-005,context_swap,medium,False,0.0900,0.380
conv-retail-006,context_swap,medium,False,0.2500,0.351
conv-retail-007,context_swap,medium,False,0.1300,0.350
conv-retail-008,context_swap,long,False,0.1300,0.350
conv-retail-009,context_swap,long,False,0.1600,0.324
conv-retail-010,context_swap,long,False,0.2100,0.471
conv-retail-011,detail_swap,short,False,0.0800,0.368
conv-retail-012,detail_swap,short,False,0.1900,0.369
conv-retail-013,detail_swap,short,False,0.6400,0.364
conv-retail-014,detail_swap,medium,False,0.3600,0.367
conv-retail-015,detail_swap,medium,False,0.2000,0.390
conv-retail-016,detail_swap,medium,False,0.4500,0.375
conv-retail-017,detail_swap,medium,False,0.7500,0.389
conv-retail-018,detail_swap,long,False,0.1300,0.395
conv-retail-019,detail_swap,long,False,0.2100,0.396
conv-retail-020,detail_swap,long,False,0.5600,0.341
conv-retail-021,intent_flip,short,False,0.0900,0.448
conv-retail-022,intent_flip,short,False,0.1000,0.335
conv-retail-023,intent_flip,short,False,0.2400,0.338
conv-retail-024,intent_flip,medium,False,0.0600,0.354
conv-retail-025,intent_flip,medium,False,0.0500,0.409
conv-retail-026,intent_flip,medium,False,0.3700,0.350
conv-retail-027,intent_flip,long,False,0.2600,0.366
conv-retail-028,intent_flip,long,False,0.0700,0.521
conv-retail-029,intent_flip,long,False,0.0600,0.370
conv-retail-030,intent_flip,long,False,0.1500,0.371
conv-retail-031,same_context_reworded,short,True,0.8500,0.422
conv-retail-032,same_context_reworded,short,True,0.7700,0.383
conv-retail-033,same_context_reworded,short,True,0.8000,0.411
conv-retail-034,same_context_reworded,short,True,0.8400,0.342
conv-retail-035,same_context_reworded,medium,True,0.8400,0.347
conv-retail-036,same_context_reworded,medium,True,0.7800,0.401
conv-retail-037,same_context_reworded,medium,True,0.8800,0.376
conv-retail-038,same_context_reworded,long,True,0.7200,0.376
conv-retail-039,same_context_reworded,long,True,0.8300,0.339
conv-retail-040,same_context_reworded,long,True,0.5500,0.345
conv-retail-041,irrelevant_history,short,True,0.7600,0.383
conv-retail-042,irrelevant_history,short,True,0.7900,0.366
conv-retail-043,irrelevant_history,short,True,0.6900,0.370
conv-retail-044,irrelevant_history,medium,True,0.8100,0.339
conv-retail-045,irrelevant_history,medium,True,0.7400,0.443
conv-retail-046,irrelevant_history,medium,True,0.8200,0.403
conv-retail-047,irrelevant_history,medium,True,0.6600,0.402
conv-retail-048,irrelevant_history,long,True,0.4100,0.356
conv-retail-049,irrelevant_history,long,True,0.4600,0.416
conv-retail-050,irrelevant_history,long,True,0.6000,0.466
conv-retail-051,same_context_extra_chatter,short,True,0.8600,0.399
conv-retail-052,same_context_extra_chatter,short,True,0.8300,0.358
conv-retail-053,same_context_extra_chatter,short,True,0.8300,0.449
conv-retail-054,same_context_extra_chatter,medium,True,0.8300,0.376
conv-retail-055,same_context_extra_chatter,medium,True,0.8700,0.337
conv-retail-056,same_context_extra_chatter,medium,True,0.8900,0.350
conv-retail-057,same_context_extra_chatter,long,True,0.6700,0.369
conv-retail-058,same_context_extra_chatter,long,True,0.7100,0.624
conv-retail-059,same_context_extra_chatter,long,True,0.6800,0.562
conv-retail-060,same_context_extra_chatter,long,True,0.8300,0.365
conv-services-001,context_swap,short,False,0.0800,0.377
conv-services-002,context_swap,short,False,0.0500,0.377
conv-services-003,context_swap,short,False,0.0900,0.422
conv-services-004,context_swap,short,False,0.0800,0.368
conv-services-005,context_swap,medium,False,0.0600,0.393
conv-services-006,context_swap,medium,False,0.0600,0.445
conv-services-007,context_swap,medium,False,0.0400,0.430
conv-services-008,context_swap,long,False,0.0900,0.383
conv-services-009,context_swap,long,False,0.1000,0.426
conv-services-010,context_swap,long,False,0.0700,0.451
conv-services-011,detail_swap,short,False,0.0600,0.379
conv-services-012,detail_swap,short,False,0.1500,0.338
conv-services-013,detail_swap,short,False,0.0900,0.386
conv-services-014,detail_swap,medium,False,0.1000,0.343
conv-services-015,detail_swap,medium,False,0.1100,0.391
conv-services-016,detail_swap,medium,False,0.1000,0.358
conv-services-017,detail_swap,medium,False,0.2900,0.410
conv-services-018,detail_swap,long,False,0.4900,0.378
conv-services-019,detail_swap,long,False,0.4500,0.347
conv-services-020,detail_swap,long,False,0.6700,0.340
conv-services-021,intent_flip,short,False,0.0900,0.413
conv-services-022,intent_flip,short,False,0.0900,0.360
conv-services-023,intent_flip,short,False,0.2800,0.371
conv-services-024,intent_flip,medium,False,0.1000,0.366
conv-services-025,intent_flip,medium,False,0.0900,0.360
conv-services-026,intent_flip,medium,False,0.0900,0.352
conv-services-027,intent_flip,long,False,0.0700,0.371
conv-services-028,intent_flip,long,False,0.0800,0.355
conv-services-029,intent_flip,long,False,0.0700,0.393
conv-services-030,intent_flip,long,False,0.1200,0.397
conv-services-031,same_context_reworded,short,True,0.8500,0.404
conv-services-032,same_context_reworded,short,True,0.8200,0.368
conv-services-033,same_context_reworded,short,True,0.8000,0.377
conv-services-034,same_context_reworded,short,True,0.8900,0.362
conv-services-035,same_context_reworded,medium,True,0.7400,0.397
conv-services-036,same_context_reworded,medium,True,0.8300,0.353
conv-services-037,same_context_reworded,medium,True,0.7800,0.342
conv-services-038,same_context_reworded,long,True,0.6300,0.355
conv-services-039,same_context_reworded,long,True,0.7100,0.337
conv-services-040,same_context_reworded,long,True,0.8000,0.391
conv-services-041,irrelevant_history,short,True,0.8300,0.337
conv-services-042,irrelevant_history,short,True,0.6900,0.349
conv-services-043,irrelevant_history,short,True,0.7800,0.411
conv-services-044,irrelevant_history,medium,True,0.6200,0.362
conv-services-045,irrelevant_history,medium,True,0.5800,0.411
conv-services-046,irrelevant_history,medium,True,0.7400,0.376
conv-services-047,irrelevant_history,medium,True,0.7800,0.405
conv-services-048,irrelevant_history,long,True,0.4700,0.377
conv-services-049,irrelevant_history,long,True,0.5500,0.405
conv-services-050,irrelevant_history,long,True,0.5300,0.374
conv-services-051,same_context_extra_chatter,short,True,0.8900,0.365
conv-services-052,same_context_extra_chatter,short,True,0.9200,0.414
conv-services-053,same_context_extra_chatter,short,True,0.8900,0.377
conv-services-054,same_context_extra_chatter,medium,True,0.9300,0.356
conv-services-055,same_context_extra_chatter,medium,True,0.8700,0.351
conv-services-056,same_context_extra_chatter,medium,True,0.9400,0.334
conv-services-057,same_context_extra_chatter,long,True,0.8200,0.358
conv-services-058,same_context_extra_chatter,long,True,0.8000,0.387
conv-services-059,same_context_extra_chatter,long,True,0.8600,0.383
conv-services-060,same_context_extra_chatter,long,True,0.8600,0.386
conv-long-billing-001,context_swap,very_long,False,0.2200,0.379
conv-long-billing-002,context_swap,very_long,False,0.2200,0.479
conv-long-billing-003,context_swap,very_long,False,0.2000,0.356
conv-long-billing-004,context_swap,very_long,False,0.2400,0.466
conv-long-billing-005,detail_swap,very_long,False,0.1300,0.451
conv-long-billing-006,detail_swap,very_long,False,0.3700,0.412
conv-long-billing-007,detail_swap,very_long,False,0.5600,0.397
conv-long-billing-008,detail_swap,very_long,False,0.2000,0.368
conv-long-billing-009,intent_flip,very_long,False,0.3700,0.391
conv-long-billing-010,intent_flip,very_long,False,0.6500,0.377
conv-long-billing-011,same_context_reworded,very_long,True,0.4200,0.406
conv-long-billing-012,same_context_reworded,very_long,True,0.6600,0.393
conv-long-billing-013,same_context_reworded,very_long,True,0.3900,0.377
conv-long-billing-014,irrelevant_history,very_long,True,0.7200,0.365
conv-long-billing-015,irrelevant_history,very_long,True,0.5700,0.406
conv-long-billing-016,irrelevant_history,very_long,True,0.5200,0.397
conv-long-billing-017,irrelevant_history,very_long,True,0.6000,0.369
conv-long-billing-018,same_context_extra_chatter,very_long,True,0.8200,0.358
conv-long-billing-019,same_context_extra_chatter,very_long,True,0.6500,0.424
conv-long-billing-020,same_context_extra_chatter,very_long,True,0.9100,0.385
conv-long-retail-001,context_swap,very_long,False,0.8300,0.432
conv-long-retail-002,context_swap,very_long,False,0.3500,0.334
conv-long-retail-003,context_swap,very_long,False,0.1700,0.387
conv-long-retail-004,context_swap,very_long,False,0.2400,0.407
conv-long-retail-005,detail_swap,very_long,False,0.3200,0.344
conv-long-retail-006,detail_swap,very_long,False,0.2200,0.361
conv-long-retail-007,detail_swap,very_long,False,0.3800,0.396
conv-long-retail-008,detail_swap,very_long,False,0.1900,0.373
conv-long-retail-009,intent_flip,very_long,False,0.7600,0.383
conv-long-retail-010,intent_flip,very_long,False,0.4900,0.383
conv-long-retail-011,same_context_reworded,very_long,True,0.5700,0.369
conv-long-retail-012,same_context_reworded,very_long,True,0.6200,0.370
conv-long-retail-013,same_context_reworded,very_long,True,0.7700,0.439
conv-long-retail-014,irrelevant_history,very_long,True,0.6500,0.402
conv-long-retail-015,irrelevant_history,very_long,True,0.6300,0.384
conv-long-retail-016,irrelevant_history,very_long,True,0.3900,0.357
conv-long-retail-017,irrelevant_history,very_long,True,0.7000,0.387
conv-long-retail-018,same_context_extra_chatter,very_long,True,0.9000,0.380
conv-long-retail-019,same_context_extra_chatter,very_long,True,0.7200,0.413
conv-long-retail-020,same_context_extra_chatter,very_long,True,0.7700,0.349
conv-long-services-001,context_swap,very_long,False,0.5400,0.365
conv-long-services-002,context_swap,very_long,False,0.3600,0.402
conv-long-services-003,context_swap,very_long,False,0.2800,0.371
conv-long-services-004,context_swap,very_long,False,0.2200,0.342
conv-long-services-005,detail_swap,very_long,False,0.3100,0.361
conv-long-services-006,detail_swap,very_long,False,0.1900,0.401
conv-long-services-007,detail_swap,very_long,False,0.2700,0.363
conv-long-services-008,detail_swap,very_long,False,0.2800,0.394
conv-long-services-009,intent_flip,very_long,False,0.9200,0.383
conv-long-services-010,intent_flip,very_long,False,0.7800,0.483
conv-long-services-011,same_context_reworded,very_long,True,0.4200,0.449
conv-long-services-012,same_context_reworded,very_long,True,0.7300,0.581
conv-long-services-013,same_context_reworded,very_long,True,0.7600,0.372
conv-long-services-014,irrelevant_history,very_long,True,0.4800,0.353
conv-long-services-015,irrelevant_history,very_long,True,0.5200,0.406
conv-long-services-016,irrelevant_history,very_long,True,0.4200,0.400
conv-long-services-017,irrelevant_history,very_long,True,0.5100,0.387
conv-long-services-018,same_context_extra_chatter,very_long,True,0.9600,0.353
conv-long-services-019,same_context_extra_chatter,very_long,True,0.8900,0.345
conv-long-services-020,same_context_extra_chatter,very_long,True,0.8900,0.397
