id,category,same_answer,score
negation-001,negation,False,0.5815
negation-002,negation,False,0.9766
negation-003,negation,False,0.9107
negation-004,negation,False,0.9648
negation-005,negation,False,0.8434
negation-006,negation,False,0.8607
negation-007,negation,False,0.7682
negation-008,negation,False,0.9346
negation-009,negation,False,0.9497
negation-010,negation,False,0.7216
negation-011,negation,False,0.8207
negation-012,negation,False,0.6641
negation-013,negation,False,0.7807
negation-014,negation,False,0.7966
negation-015,negation,False,0.7779
negation-016,negation,False,0.7119
negation-017,negation,False,0.7995
negation-018,negation,False,0.8525
negation-019,negation,False,0.8560
negation-020,negation,False,0.7026
negation-021,negation,False,0.7681
negation-022,negation,False,0.7674
negation-023,negation,False,0.7815
negation-024,negation,False,0.8970
negation-025,negation,False,0.7538
entity_swap-001,entity_swap,False,0.6901
entity_swap-002,entity_swap,False,0.7111
entity_swap-003,entity_swap,False,0.6762
entity_swap-004,entity_swap,False,0.7636
entity_swap-005,entity_swap,False,0.8176
entity_swap-006,entity_swap,False,0.7545
entity_swap-007,entity_swap,False,0.6262
entity_swap-008,entity_swap,False,0.7628
entity_swap-009,entity_swap,False,0.9179
entity_swap-010,entity_swap,False,0.8032
entity_swap-011,entity_swap,False,0.7350
entity_swap-012,entity_swap,False,0.7595
entity_swap-013,entity_swap,False,0.3700
entity_swap-014,entity_swap,False,0.7947
entity_swap-015,entity_swap,False,0.7864
entity_swap-016,entity_swap,False,0.8182
entity_swap-017,entity_swap,False,0.7667
entity_swap-018,entity_swap,False,0.8567
entity_swap-019,entity_swap,False,0.8274
entity_swap-020,entity_swap,False,0.7513
entity_swap-021,entity_swap,False,0.7146
entity_swap-022,entity_swap,False,0.8670
entity_swap-023,entity_swap,False,0.7965
entity_swap-024,entity_swap,False,0.8058
entity_swap-025,entity_swap,False,0.7613
number_date-001,number_date,False,0.8352
number_date-002,number_date,False,0.7494
number_date-003,number_date,False,0.8886
number_date-004,number_date,False,0.8907
number_date-005,number_date,False,0.9309
number_date-006,number_date,False,0.7378
number_date-007,number_date,False,0.8204
number_date-008,number_date,False,0.7951
number_date-009,number_date,False,0.7821
number_date-010,number_date,False,0.8721
number_date-011,number_date,False,0.8849
number_date-012,number_date,False,0.7800
number_date-013,number_date,False,0.8174
number_date-014,number_date,False,0.8900
number_date-015,number_date,False,0.8092
number_date-016,number_date,False,0.8488
number_date-017,number_date,False,0.9123
number_date-018,number_date,False,0.8121
number_date-019,number_date,False,0.6830
number_date-020,number_date,False,0.8823
number_date-021,number_date,False,0.7708
number_date-022,number_date,False,0.9723
number_date-023,number_date,False,0.9024
number_date-024,number_date,False,0.8191
number_date-025,number_date,False,0.7524
scope-001,scope,False,0.8029
scope-002,scope,False,0.7351
scope-003,scope,False,0.7905
scope-004,scope,False,0.8537
scope-005,scope,False,0.7034
scope-006,scope,False,0.8293
scope-007,scope,False,0.9476
scope-008,scope,False,0.6311
scope-009,scope,False,0.8304
scope-010,scope,False,0.7242
scope-011,scope,False,0.8496
scope-012,scope,False,0.8795
scope-013,scope,False,0.7442
scope-014,scope,False,0.8768
scope-015,scope,False,0.8135
scope-016,scope,False,0.8500
scope-017,scope,False,0.8013
scope-018,scope,False,0.7504
scope-019,scope,False,0.8220
scope-020,scope,False,0.8134
scope-021,scope,False,0.6907
scope-022,scope,False,0.7689
scope-023,scope,False,0.9497
scope-024,scope,False,0.8957
scope-025,scope,False,0.7260
paraphrase-001,paraphrase,True,0.8947
paraphrase-002,paraphrase,True,0.8860
paraphrase-003,paraphrase,True,0.7728
paraphrase-004,paraphrase,True,0.8277
paraphrase-005,paraphrase,True,0.6980
paraphrase-006,paraphrase,True,0.7452
paraphrase-007,paraphrase,True,0.5694
paraphrase-008,paraphrase,True,0.6958
paraphrase-009,paraphrase,True,0.7378
paraphrase-010,paraphrase,True,0.8381
paraphrase-011,paraphrase,True,0.9340
paraphrase-012,paraphrase,True,0.9607
paraphrase-013,paraphrase,True,0.8743
paraphrase-014,paraphrase,True,0.7375
paraphrase-015,paraphrase,True,0.9346
paraphrase-016,paraphrase,True,0.7512
paraphrase-017,paraphrase,True,0.7357
paraphrase-018,paraphrase,True,0.8780
paraphrase-019,paraphrase,True,0.7462
paraphrase-020,paraphrase,True,0.6973
paraphrase-021,paraphrase,True,0.7908
paraphrase-022,paraphrase,True,0.8261
paraphrase-023,paraphrase,True,0.8705
paraphrase-024,paraphrase,True,0.8169
paraphrase-025,paraphrase,True,0.7654
paraphrase-026,paraphrase,True,0.9008
paraphrase-027,paraphrase,True,0.8611
paraphrase-028,paraphrase,True,0.7626
paraphrase-029,paraphrase,True,0.8718
paraphrase-030,paraphrase,True,0.8641
paraphrase-031,paraphrase,True,0.8647
paraphrase-032,paraphrase,True,0.8777
paraphrase-033,paraphrase,True,0.8519
paraphrase-034,paraphrase,True,0.8665
paraphrase-035,paraphrase,True,0.8414
paraphrase-036,paraphrase,True,0.7699
paraphrase-037,paraphrase,True,0.8075
paraphrase-038,paraphrase,True,0.6414
paraphrase-039,paraphrase,True,0.5932
paraphrase-040,paraphrase,True,0.8144
paraphrase-041,paraphrase,True,0.9519
paraphrase-042,paraphrase,True,0.7778
paraphrase-043,paraphrase,True,0.9140
paraphrase-044,paraphrase,True,0.9055
paraphrase-045,paraphrase,True,0.8025
paraphrase-046,paraphrase,True,0.7868
paraphrase-047,paraphrase,True,0.7300
paraphrase-048,paraphrase,True,0.8480
paraphrase-049,paraphrase,True,0.8429
paraphrase-050,paraphrase,True,0.7203
paraphrase-051,paraphrase,True,0.8274
paraphrase-052,paraphrase,True,0.6572
paraphrase-053,paraphrase,True,0.9212
paraphrase-054,paraphrase,True,0.9123
paraphrase-055,paraphrase,True,0.7890
paraphrase-056,paraphrase,True,0.8696
paraphrase-057,paraphrase,True,0.7456
paraphrase-058,paraphrase,True,0.6695
paraphrase-059,paraphrase,True,0.7302
paraphrase-060,paraphrase,True,0.8768
paraphrase-061,paraphrase,True,0.7533
paraphrase-062,paraphrase,True,0.9530
paraphrase-063,paraphrase,True,0.7908
paraphrase-064,paraphrase,True,0.7532
paraphrase-065,paraphrase,True,0.8860
paraphrase-066,paraphrase,True,0.7460
paraphrase-067,paraphrase,True,0.8958
paraphrase-068,paraphrase,True,0.8867
paraphrase-069,paraphrase,True,0.9245
paraphrase-070,paraphrase,True,0.8799
paraphrase-071,paraphrase,True,0.8842
paraphrase-072,paraphrase,True,0.8150
paraphrase-073,paraphrase,True,0.8695
paraphrase-074,paraphrase,True,0.8559
paraphrase-075,paraphrase,True,0.8953
paraphrase-076,paraphrase,True,0.9480
paraphrase-077,paraphrase,True,0.7798
paraphrase-078,paraphrase,True,0.8998
paraphrase-079,paraphrase,True,0.9014
paraphrase-080,paraphrase,True,0.8018
paraphrase-081,paraphrase,True,0.8374
paraphrase-082,paraphrase,True,0.9569
paraphrase-083,paraphrase,True,0.8535
paraphrase-084,paraphrase,True,0.6380
paraphrase-085,paraphrase,True,0.7673
paraphrase-086,paraphrase,True,0.8454
paraphrase-087,paraphrase,True,0.8235
paraphrase-088,paraphrase,True,0.8233
paraphrase-089,paraphrase,True,0.8019
paraphrase-090,paraphrase,True,0.9391
paraphrase-091,paraphrase,True,0.8747
paraphrase-092,paraphrase,True,0.7260
paraphrase-093,paraphrase,True,0.9206
paraphrase-094,paraphrase,True,0.8763
paraphrase-095,paraphrase,True,0.9129
paraphrase-096,paraphrase,True,0.8164
paraphrase-097,paraphrase,True,0.8689
paraphrase-098,paraphrase,True,0.7944
paraphrase-099,paraphrase,True,0.7651
paraphrase-100,paraphrase,True,0.8410
near_repeat-001,near_repeat,True,0.8771
near_repeat-002,near_repeat,True,0.8902
near_repeat-003,near_repeat,True,0.9466
near_repeat-004,near_repeat,True,0.9010
near_repeat-005,near_repeat,True,0.9238
near_repeat-006,near_repeat,True,0.9268
near_repeat-007,near_repeat,True,0.8671
near_repeat-008,near_repeat,True,0.9724
near_repeat-009,near_repeat,True,0.8334
near_repeat-010,near_repeat,True,0.9595
near_repeat-011,near_repeat,True,0.8739
near_repeat-012,near_repeat,True,0.6814
near_repeat-013,near_repeat,True,0.9680
near_repeat-014,near_repeat,True,0.9268
near_repeat-015,near_repeat,True,0.7777
near_repeat-016,near_repeat,True,0.9167
near_repeat-017,near_repeat,True,0.8256
near_repeat-018,near_repeat,True,0.9720
near_repeat-019,near_repeat,True,0.7913
near_repeat-020,near_repeat,True,0.9984
near_repeat-021,near_repeat,True,0.9892
near_repeat-022,near_repeat,True,0.9809
near_repeat-023,near_repeat,True,0.9055
near_repeat-024,near_repeat,True,0.9806
near_repeat-025,near_repeat,True,0.9917
near_repeat-026,near_repeat,True,0.9886
near_repeat-027,near_repeat,True,0.9523
near_repeat-028,near_repeat,True,0.9903
near_repeat-029,near_repeat,True,0.9631
near_repeat-030,near_repeat,True,0.9757
near_repeat-031,near_repeat,True,0.9905
near_repeat-032,near_repeat,True,0.9901
near_repeat-033,near_repeat,True,0.9777
near_repeat-034,near_repeat,True,0.9895
near_repeat-035,near_repeat,True,0.9715
near_repeat-036,near_repeat,True,0.9732
near_repeat-037,near_repeat,True,0.9887
near_repeat-038,near_repeat,True,0.9933
near_repeat-039,near_repeat,True,0.9702
near_repeat-040,near_repeat,True,0.9765
near_repeat-041,near_repeat,True,0.9668
near_repeat-042,near_repeat,True,0.9641
near_repeat-043,near_repeat,True,0.9935
near_repeat-044,near_repeat,True,0.9846
near_repeat-045,near_repeat,True,0.9810
near_repeat-046,near_repeat,True,0.9503
near_repeat-047,near_repeat,True,0.9632
near_repeat-048,near_repeat,True,0.9923
near_repeat-049,near_repeat,True,0.9550
near_repeat-050,near_repeat,True,0.9736
near_repeat-051,near_repeat,True,0.9808
near_repeat-052,near_repeat,True,0.9915
near_repeat-053,near_repeat,True,0.9294
near_repeat-054,near_repeat,True,0.9948
near_repeat-055,near_repeat,True,0.9556
near_repeat-056,near_repeat,True,0.9866
near_repeat-057,near_repeat,True,0.9653
near_repeat-058,near_repeat,True,0.9726
near_repeat-059,near_repeat,True,0.9981
near_repeat-060,near_repeat,True,0.9793
near_repeat-061,near_repeat,True,0.9904
near_repeat-062,near_repeat,True,0.9787
near_repeat-063,near_repeat,True,0.9781
near_repeat-064,near_repeat,True,0.9696
near_repeat-065,near_repeat,True,0.8779
near_repeat-066,near_repeat,True,0.9838
near_repeat-067,near_repeat,True,0.9747
near_repeat-068,near_repeat,True,0.8692
near_repeat-069,near_repeat,True,0.9653
near_repeat-070,near_repeat,True,0.9644
near_repeat-071,near_repeat,True,0.9868
near_repeat-072,near_repeat,True,0.9545
near_repeat-073,near_repeat,True,0.9156
near_repeat-074,near_repeat,True,0.9742
near_repeat-075,near_repeat,True,0.9810
near_repeat-076,near_repeat,True,0.9437
near_repeat-077,near_repeat,True,0.9568
near_repeat-078,near_repeat,True,0.9219
near_repeat-079,near_repeat,True,0.9525
near_repeat-080,near_repeat,True,0.9834
near_repeat-081,near_repeat,True,0.9720
near_repeat-082,near_repeat,True,0.9607
near_repeat-083,near_repeat,True,0.9845
near_repeat-084,near_repeat,True,0.9749
near_repeat-085,near_repeat,True,0.9592
near_repeat-086,near_repeat,True,0.9665
near_repeat-087,near_repeat,True,0.9787
near_repeat-088,near_repeat,True,0.9634
near_repeat-089,near_repeat,True,0.9726
near_repeat-090,near_repeat,True,0.9903
near_repeat-091,near_repeat,True,0.9571
near_repeat-092,near_repeat,True,0.9751
near_repeat-093,near_repeat,True,0.9772
near_repeat-094,near_repeat,True,0.9590
near_repeat-095,near_repeat,True,0.9803
near_repeat-096,near_repeat,True,0.9620
near_repeat-097,near_repeat,True,0.9820
near_repeat-098,near_repeat,True,0.9461
near_repeat-099,near_repeat,True,0.9418
near_repeat-100,near_repeat,True,0.9563
paraphrase-a001,paraphrase,True,0.9859
paraphrase-a002,paraphrase,True,0.9641
paraphrase-a003,paraphrase,True,0.9248
paraphrase-a004,paraphrase,True,0.9807
paraphrase-a005,paraphrase,True,0.9551
paraphrase-a006,paraphrase,True,0.9941
paraphrase-a007,paraphrase,True,0.9938
paraphrase-a008,paraphrase,True,0.9524
paraphrase-a009,paraphrase,True,0.9403
paraphrase-a010,paraphrase,True,0.9932
paraphrase-a011,paraphrase,True,0.9980
paraphrase-a012,paraphrase,True,0.9640
paraphrase-a013,paraphrase,True,0.7211
paraphrase-a014,paraphrase,True,0.9922
paraphrase-a015,paraphrase,True,0.9871
paraphrase-a016,paraphrase,True,0.9643
paraphrase-a017,paraphrase,True,0.9611
paraphrase-a018,paraphrase,True,0.9805
paraphrase-a019,paraphrase,True,0.9686
paraphrase-a020,paraphrase,True,0.9530
paraphrase-a021,paraphrase,True,0.9383
paraphrase-a022,paraphrase,True,0.9734
paraphrase-a023,paraphrase,True,0.9801
paraphrase-a024,paraphrase,True,0.9288
paraphrase-a025,paraphrase,True,0.9812
paraphrase-a026,paraphrase,True,0.7662
paraphrase-a027,paraphrase,True,0.8422
paraphrase-a028,paraphrase,True,0.7232
paraphrase-a029,paraphrase,True,0.8161
paraphrase-a030,paraphrase,True,0.8266
paraphrase-a031,paraphrase,True,0.8829
paraphrase-a032,paraphrase,True,0.8475
paraphrase-a033,paraphrase,True,0.8707
paraphrase-a034,paraphrase,True,0.8352
paraphrase-a035,paraphrase,True,0.7472
paraphrase-a036,paraphrase,True,0.8002
paraphrase-a037,paraphrase,True,0.8403
paraphrase-a038,paraphrase,True,0.7004
paraphrase-a039,paraphrase,True,0.6073
paraphrase-a040,paraphrase,True,0.7985
paraphrase-a041,paraphrase,True,0.8606
paraphrase-a042,paraphrase,True,0.8587
paraphrase-a043,paraphrase,True,0.8936
paraphrase-a044,paraphrase,True,0.8500
paraphrase-a045,paraphrase,True,0.8856
paraphrase-a046,paraphrase,True,0.7437
paraphrase-a047,paraphrase,True,0.8844
paraphrase-a048,paraphrase,True,0.8132
paraphrase-a049,paraphrase,True,0.7133
paraphrase-a050,paraphrase,True,0.8046
negation-a001,negation,False,0.8053
negation-a002,negation,False,0.8575
negation-a003,negation,False,0.9074
negation-a004,negation,False,0.8399
negation-a005,negation,False,0.7809
negation-a006,negation,False,0.8598
negation-a007,negation,False,0.8594
negation-a008,negation,False,0.9001
negation-a009,negation,False,0.7956
negation-a010,negation,False,0.7743
negation-a011,negation,False,0.8260
negation-a012,negation,False,0.7244
negation-a013,negation,False,0.8594
negation-a014,negation,False,0.7061
negation-a015,negation,False,0.7357
negation-a016,negation,False,0.6833
negation-a017,negation,False,0.6537
negation-a018,negation,False,0.7714
negation-a019,negation,False,0.5920
negation-a020,negation,False,0.7312
negation-a021,negation,False,0.6269
negation-a022,negation,False,0.8227
negation-a023,negation,False,0.7173
negation-a024,negation,False,0.5241
negation-a025,negation,False,0.7275
entity_swap-a001,entity_swap,False,0.7106
entity_swap-a002,entity_swap,False,0.7944
entity_swap-a003,entity_swap,False,0.8857
entity_swap-a004,entity_swap,False,0.7712
entity_swap-a005,entity_swap,False,0.7159
entity_swap-a006,entity_swap,False,0.8236
entity_swap-a007,entity_swap,False,0.8065
entity_swap-a008,entity_swap,False,0.8360
entity_swap-a009,entity_swap,False,0.9158
entity_swap-a010,entity_swap,False,0.7225
entity_swap-a011,entity_swap,False,0.7648
entity_swap-a012,entity_swap,False,0.6606
entity_swap-a013,entity_swap,False,0.7549
entity_swap-a014,entity_swap,False,0.8781
entity_swap-a015,entity_swap,False,0.5341
entity_swap-a016,entity_swap,False,0.8425
entity_swap-a017,entity_swap,False,0.5680
entity_swap-a018,entity_swap,False,0.6387
entity_swap-a019,entity_swap,False,0.6720
entity_swap-a020,entity_swap,False,0.6853
entity_swap-a021,entity_swap,False,0.8440
entity_swap-a022,entity_swap,False,0.7053
entity_swap-a023,entity_swap,False,0.5346
entity_swap-a024,entity_swap,False,0.7590
entity_swap-a025,entity_swap,False,0.7245
number_date-a001,number_date,False,0.7761
number_date-a002,number_date,False,0.8484
number_date-a003,number_date,False,0.8632
number_date-a004,number_date,False,0.7695
number_date-a005,number_date,False,0.7923
number_date-a006,number_date,False,0.8853
number_date-a007,number_date,False,0.8786
number_date-a008,number_date,False,0.7878
number_date-a009,number_date,False,0.8836
number_date-a010,number_date,False,0.7438
number_date-a011,number_date,False,0.9445
number_date-a012,number_date,False,0.8973
number_date-a013,number_date,False,0.9178
number_date-a014,number_date,False,0.7457
number_date-a015,number_date,False,0.8207
number_date-a016,number_date,False,0.6999
number_date-a017,number_date,False,0.7680
number_date-a018,number_date,False,0.6541
number_date-a019,number_date,False,0.7161
number_date-a020,number_date,False,0.6230
number_date-a021,number_date,False,0.7485
number_date-a022,number_date,False,0.6516
number_date-a023,number_date,False,0.6515
number_date-a024,number_date,False,0.8311
number_date-a025,number_date,False,0.7982
scope-a001,scope,False,0.7940
scope-a002,scope,False,0.9307
scope-a003,scope,False,0.9536
scope-a004,scope,False,0.8894
scope-a005,scope,False,0.8306
scope-a006,scope,False,0.7103
scope-a007,scope,False,0.9456
scope-a008,scope,False,0.7633
scope-a009,scope,False,0.8111
scope-a010,scope,False,0.7201
scope-a011,scope,False,0.8800
scope-a012,scope,False,0.9215
scope-a013,scope,False,0.8485
scope-a014,scope,False,0.7140
scope-a015,scope,False,0.8100
scope-a016,scope,False,0.6493
scope-a017,scope,False,0.7771
scope-a018,scope,False,0.7821
scope-a019,scope,False,0.7869
scope-a020,scope,False,0.8463
scope-a021,scope,False,0.7903
scope-a022,scope,False,0.6495
scope-a023,scope,False,0.5967
scope-a024,scope,False,0.6083
scope-a025,scope,False,0.8187
paraphrase-b001,paraphrase,True,0.9777
paraphrase-b002,paraphrase,True,0.9169
paraphrase-b003,paraphrase,True,0.9539
paraphrase-b004,paraphrase,True,0.9661
paraphrase-b005,paraphrase,True,0.9904
paraphrase-b006,paraphrase,True,0.9825
paraphrase-b007,paraphrase,True,0.9711
paraphrase-b008,paraphrase,True,0.9775
paraphrase-b009,paraphrase,True,0.9232
paraphrase-b010,paraphrase,True,0.8733
paraphrase-b011,paraphrase,True,0.9267
paraphrase-b012,paraphrase,True,0.9716
paraphrase-b013,paraphrase,True,0.9265
paraphrase-b014,paraphrase,True,0.9975
paraphrase-b015,paraphrase,True,0.9106
paraphrase-b016,paraphrase,True,0.8629
paraphrase-b017,paraphrase,True,0.8844
paraphrase-b018,paraphrase,True,0.9980
paraphrase-b019,paraphrase,True,0.9303
paraphrase-b020,paraphrase,True,0.9567
paraphrase-b021,paraphrase,True,0.9614
paraphrase-b022,paraphrase,True,0.9640
paraphrase-b023,paraphrase,True,0.9276
paraphrase-b024,paraphrase,True,0.8749
paraphrase-b025,paraphrase,True,0.9825
paraphrase-b026,paraphrase,True,0.7007
paraphrase-b027,paraphrase,True,0.6826
paraphrase-b028,paraphrase,True,0.8931
paraphrase-b029,paraphrase,True,0.8467
paraphrase-b030,paraphrase,True,0.8299
paraphrase-b031,paraphrase,True,0.8425
paraphrase-b032,paraphrase,True,0.8811
paraphrase-b033,paraphrase,True,0.8656
paraphrase-b034,paraphrase,True,0.6464
paraphrase-b035,paraphrase,True,0.7595
paraphrase-b036,paraphrase,True,0.7964
paraphrase-b037,paraphrase,True,0.7666
paraphrase-b038,paraphrase,True,0.8114
paraphrase-b039,paraphrase,True,0.8549
paraphrase-b040,paraphrase,True,0.7706
paraphrase-b041,paraphrase,True,0.7800
paraphrase-b042,paraphrase,True,0.6850
paraphrase-b043,paraphrase,True,0.6703
paraphrase-b044,paraphrase,True,0.7494
paraphrase-b045,paraphrase,True,0.8567
paraphrase-b046,paraphrase,True,0.8203
paraphrase-b047,paraphrase,True,0.6668
paraphrase-b048,paraphrase,True,0.6626
paraphrase-b049,paraphrase,True,0.7265
paraphrase-b050,paraphrase,True,0.9822
negation-b001,negation,False,0.9357
negation-b002,negation,False,0.9492
negation-b003,negation,False,0.9260
negation-b004,negation,False,0.9164
negation-b005,negation,False,0.8605
negation-b006,negation,False,0.8927
negation-b007,negation,False,0.7747
negation-b008,negation,False,0.9567
negation-b009,negation,False,0.6952
negation-b010,negation,False,0.9396
negation-b011,negation,False,0.8476
negation-b012,negation,False,0.7781
negation-b013,negation,False,0.7962
negation-b014,negation,False,0.8398
negation-b015,negation,False,0.6900
negation-b016,negation,False,0.7426
negation-b017,negation,False,0.8484
negation-b018,negation,False,0.6858
negation-b019,negation,False,0.7700
negation-b020,negation,False,0.8477
negation-b021,negation,False,0.7570
negation-b022,negation,False,0.7546
negation-b023,negation,False,0.7358
negation-b024,negation,False,0.7900
negation-b025,negation,False,0.6399
entity_swap-b001,entity_swap,False,0.7976
entity_swap-b002,entity_swap,False,0.8342
entity_swap-b003,entity_swap,False,0.7966
entity_swap-b004,entity_swap,False,0.7961
entity_swap-b005,entity_swap,False,0.6554
entity_swap-b006,entity_swap,False,0.9080
entity_swap-b007,entity_swap,False,0.8495
entity_swap-b008,entity_swap,False,0.7136
entity_swap-b009,entity_swap,False,0.7598
entity_swap-b010,entity_swap,False,0.6653
entity_swap-b011,entity_swap,False,0.8137
entity_swap-b012,entity_swap,False,0.8291
entity_swap-b013,entity_swap,False,0.7352
entity_swap-b014,entity_swap,False,0.8899
entity_swap-b015,entity_swap,False,0.6844
entity_swap-b016,entity_swap,False,0.5954
entity_swap-b017,entity_swap,False,0.8691
entity_swap-b018,entity_swap,False,0.6239
entity_swap-b019,entity_swap,False,0.6280
entity_swap-b020,entity_swap,False,0.5412
entity_swap-b021,entity_swap,False,0.5843
entity_swap-b022,entity_swap,False,0.6376
entity_swap-b023,entity_swap,False,0.6237
entity_swap-b024,entity_swap,False,0.7122
entity_swap-b025,entity_swap,False,0.6133
number_date-b001,number_date,False,0.8568
number_date-b002,number_date,False,0.9415
number_date-b003,number_date,False,0.8126
number_date-b004,number_date,False,0.9219
number_date-b005,number_date,False,0.8430
number_date-b006,number_date,False,0.9193
number_date-b007,number_date,False,0.8010
number_date-b008,number_date,False,0.9602
number_date-b009,number_date,False,0.7891
number_date-b010,number_date,False,0.8565
number_date-b011,number_date,False,0.9090
number_date-b012,number_date,False,0.8444
number_date-b013,number_date,False,0.8385
number_date-b014,number_date,False,0.6865
number_date-b015,number_date,False,0.7975
number_date-b016,number_date,False,0.6898
number_date-b017,number_date,False,0.8327
number_date-b018,number_date,False,0.7536
number_date-b019,number_date,False,0.6440
number_date-b020,number_date,False,0.7083
number_date-b021,number_date,False,0.7084
number_date-b022,number_date,False,0.6181
number_date-b023,number_date,False,0.8222
number_date-b024,number_date,False,0.7231
number_date-b025,number_date,False,0.6392
scope-b001,scope,False,0.7230
scope-b002,scope,False,0.8263
scope-b003,scope,False,0.9297
scope-b004,scope,False,0.8499
scope-b005,scope,False,0.7596
scope-b006,scope,False,0.7005
scope-b007,scope,False,0.7806
scope-b008,scope,False,0.6855
scope-b009,scope,False,0.7912
scope-b010,scope,False,0.7949
scope-b011,scope,False,0.7002
scope-b012,scope,False,0.8385
scope-b013,scope,False,0.8202
scope-b014,scope,False,0.6733
scope-b015,scope,False,0.7062
scope-b016,scope,False,0.6693
scope-b017,scope,False,0.5573
scope-b018,scope,False,0.5742
scope-b019,scope,False,0.6534
scope-b020,scope,False,0.6691
scope-b021,scope,False,0.7306
scope-b022,scope,False,0.6078
scope-b023,scope,False,0.6743
scope-b024,scope,False,0.5308
scope-b025,scope,False,0.7787
