id,category,same_answer,score,default_hit
negation-001,negation,False,0.8878,True
negation-002,negation,False,0.9433,True
negation-003,negation,False,0.9504,True
negation-004,negation,False,0.9547,True
negation-005,negation,False,0.9705,True
negation-006,negation,False,0.9320,True
negation-007,negation,False,0.9700,True
negation-008,negation,False,0.9369,True
negation-009,negation,False,0.9637,True
negation-010,negation,False,0.9068,True
negation-011,negation,False,0.9383,True
negation-012,negation,False,0.9087,True
negation-013,negation,False,0.8697,True
negation-014,negation,False,0.9010,True
negation-015,negation,False,0.9678,True
negation-016,negation,False,0.8369,True
negation-017,negation,False,0.8865,True
negation-018,negation,False,0.9644,True
negation-019,negation,False,0.8450,True
negation-020,negation,False,0.9386,True
negation-021,negation,False,0.9185,True
negation-022,negation,False,0.9132,True
negation-023,negation,False,0.8785,True
negation-024,negation,False,0.9380,True
negation-025,negation,False,0.8427,True
entity_swap-001,entity_swap,False,0.7041,False
entity_swap-002,entity_swap,False,0.8618,True
entity_swap-003,entity_swap,False,0.9148,True
entity_swap-004,entity_swap,False,0.7890,False
entity_swap-005,entity_swap,False,0.8606,True
entity_swap-006,entity_swap,False,0.8021,True
entity_swap-007,entity_swap,False,0.8363,True
entity_swap-008,entity_swap,False,0.8467,True
entity_swap-009,entity_swap,False,0.9976,True
entity_swap-010,entity_swap,False,0.7992,False
entity_swap-011,entity_swap,False,0.6597,False
entity_swap-012,entity_swap,False,0.7790,False
entity_swap-013,entity_swap,False,0.9690,True
entity_swap-014,entity_swap,False,0.8860,True
entity_swap-015,entity_swap,False,0.8720,True
entity_swap-016,entity_swap,False,0.7922,False
entity_swap-017,entity_swap,False,0.8961,True
entity_swap-018,entity_swap,False,0.9510,True
entity_swap-019,entity_swap,False,0.9350,True
entity_swap-020,entity_swap,False,0.8556,True
entity_swap-021,entity_swap,False,0.8224,True
entity_swap-022,entity_swap,False,0.9524,True
entity_swap-023,entity_swap,False,0.9673,True
entity_swap-024,entity_swap,False,0.7446,False
entity_swap-025,entity_swap,False,0.8367,True
number_date-001,number_date,False,0.9605,True
number_date-002,number_date,False,0.9441,True
number_date-003,number_date,False,0.9668,True
number_date-004,number_date,False,0.9770,True
number_date-005,number_date,False,0.9926,True
number_date-006,number_date,False,0.9340,True
number_date-007,number_date,False,0.9819,True
number_date-008,number_date,False,0.9763,True
number_date-009,number_date,False,0.9434,True
number_date-010,number_date,False,0.9388,True
number_date-011,number_date,False,0.9641,True
number_date-012,number_date,False,0.9528,True
number_date-013,number_date,False,0.9575,True
number_date-014,number_date,False,0.9683,True
number_date-015,number_date,False,0.9343,True
number_date-016,number_date,False,0.9446,True
number_date-017,number_date,False,0.9635,True
number_date-018,number_date,False,0.9684,True
number_date-019,number_date,False,0.9316,True
number_date-020,number_date,False,0.9625,True
number_date-021,number_date,False,0.9560,True
number_date-022,number_date,False,0.9798,True
number_date-023,number_date,False,0.9607,True
number_date-024,number_date,False,0.9368,True
number_date-025,number_date,False,0.9174,True
scope-001,scope,False,0.8849,True
scope-002,scope,False,0.9590,True
scope-003,scope,False,0.9444,True
scope-004,scope,False,0.9571,True
scope-005,scope,False,0.8419,True
scope-006,scope,False,0.8859,True
scope-007,scope,False,0.9864,True
scope-008,scope,False,0.7722,False
scope-009,scope,False,0.8986,True
scope-010,scope,False,0.7960,False
scope-011,scope,False,0.9097,True
scope-012,scope,False,0.8293,True
scope-013,scope,False,0.8867,True
scope-014,scope,False,0.9364,True
scope-015,scope,False,0.9603,True
scope-016,scope,False,0.8843,True
scope-017,scope,False,0.9463,True
scope-018,scope,False,0.9063,True
scope-019,scope,False,0.8709,True
scope-020,scope,False,0.9478,True
scope-021,scope,False,0.9076,True
scope-022,scope,False,0.8313,True
scope-023,scope,False,0.9413,True
scope-024,scope,False,0.9613,True
scope-025,scope,False,0.8090,True
paraphrase-001,paraphrase,True,0.8922,True
paraphrase-002,paraphrase,True,0.8856,True
paraphrase-003,paraphrase,True,0.7873,False
paraphrase-004,paraphrase,True,0.8563,True
paraphrase-005,paraphrase,True,0.7005,False
paraphrase-006,paraphrase,True,0.8248,True
paraphrase-007,paraphrase,True,0.7493,False
paraphrase-008,paraphrase,True,0.8980,True
paraphrase-009,paraphrase,True,0.8676,True
paraphrase-010,paraphrase,True,0.7133,False
paraphrase-011,paraphrase,True,0.9562,True
paraphrase-012,paraphrase,True,0.9303,True
paraphrase-013,paraphrase,True,0.9139,True
paraphrase-014,paraphrase,True,0.7590,False
paraphrase-015,paraphrase,True,0.9327,True
paraphrase-016,paraphrase,True,0.8024,True
paraphrase-017,paraphrase,True,0.7321,False
paraphrase-018,paraphrase,True,0.9312,True
paraphrase-019,paraphrase,True,0.6270,False
paraphrase-020,paraphrase,True,0.7574,False
paraphrase-021,paraphrase,True,0.8414,True
paraphrase-022,paraphrase,True,0.8493,True
paraphrase-023,paraphrase,True,0.8656,True
paraphrase-024,paraphrase,True,0.8198,True
paraphrase-025,paraphrase,True,0.7799,False
paraphrase-026,paraphrase,True,0.9331,True
paraphrase-027,paraphrase,True,0.8340,True
paraphrase-028,paraphrase,True,0.7983,False
paraphrase-029,paraphrase,True,0.8746,True
paraphrase-030,paraphrase,True,0.9342,True
paraphrase-031,paraphrase,True,0.9096,True
paraphrase-032,paraphrase,True,0.8560,True
paraphrase-033,paraphrase,True,0.9104,True
paraphrase-034,paraphrase,True,0.9521,True
paraphrase-035,paraphrase,True,0.9371,True
paraphrase-036,paraphrase,True,0.7132,False
paraphrase-037,paraphrase,True,0.8372,True
paraphrase-038,paraphrase,True,0.8179,True
paraphrase-039,paraphrase,True,0.6550,False
paraphrase-040,paraphrase,True,0.9270,True
paraphrase-041,paraphrase,True,0.9505,True
paraphrase-042,paraphrase,True,0.8218,True
paraphrase-043,paraphrase,True,0.8927,True
paraphrase-044,paraphrase,True,0.8891,True
paraphrase-045,paraphrase,True,0.8550,True
paraphrase-046,paraphrase,True,0.8351,True
paraphrase-047,paraphrase,True,0.7275,False
paraphrase-048,paraphrase,True,0.8271,True
paraphrase-049,paraphrase,True,0.8257,True
paraphrase-050,paraphrase,True,0.7464,False
paraphrase-051,paraphrase,True,0.8068,True
paraphrase-052,paraphrase,True,0.6830,False
paraphrase-053,paraphrase,True,0.8920,True
paraphrase-054,paraphrase,True,0.9702,True
paraphrase-055,paraphrase,True,0.8712,True
paraphrase-056,paraphrase,True,0.9073,True
paraphrase-057,paraphrase,True,0.8315,True
paraphrase-058,paraphrase,True,0.7220,False
paraphrase-059,paraphrase,True,0.7343,False
paraphrase-060,paraphrase,True,0.8909,True
paraphrase-061,paraphrase,True,0.7974,False
paraphrase-062,paraphrase,True,0.9037,True
paraphrase-063,paraphrase,True,0.8477,True
paraphrase-064,paraphrase,True,0.6396,False
paraphrase-065,paraphrase,True,0.9012,True
paraphrase-066,paraphrase,True,0.7719,False
paraphrase-067,paraphrase,True,0.9389,True
paraphrase-068,paraphrase,True,0.8909,True
paraphrase-069,paraphrase,True,0.9299,True
paraphrase-070,paraphrase,True,0.9312,True
paraphrase-071,paraphrase,True,0.9453,True
paraphrase-072,paraphrase,True,0.7281,False
paraphrase-073,paraphrase,True,0.8889,True
paraphrase-074,paraphrase,True,0.8980,True
paraphrase-075,paraphrase,True,0.8368,True
paraphrase-076,paraphrase,True,0.9510,True
paraphrase-077,paraphrase,True,0.7745,False
paraphrase-078,paraphrase,True,0.7954,False
paraphrase-079,paraphrase,True,0.8824,True
paraphrase-080,paraphrase,True,0.8961,True
paraphrase-081,paraphrase,True,0.8582,True
paraphrase-082,paraphrase,True,0.8986,True
paraphrase-083,paraphrase,True,0.8904,True
paraphrase-084,paraphrase,True,0.8176,True
paraphrase-085,paraphrase,True,0.8553,True
paraphrase-086,paraphrase,True,0.7020,False
paraphrase-087,paraphrase,True,0.7479,False
paraphrase-088,paraphrase,True,0.8604,True
paraphrase-089,paraphrase,True,0.7824,False
paraphrase-090,paraphrase,True,0.9733,True
paraphrase-091,paraphrase,True,0.9141,True
paraphrase-092,paraphrase,True,0.7872,False
paraphrase-093,paraphrase,True,0.9227,True
paraphrase-094,paraphrase,True,0.9313,True
paraphrase-095,paraphrase,True,0.9325,True
paraphrase-096,paraphrase,True,0.8204,True
paraphrase-097,paraphrase,True,0.8852,True
paraphrase-098,paraphrase,True,0.7786,False
paraphrase-099,paraphrase,True,0.7771,False
paraphrase-100,paraphrase,True,0.9123,True
near_repeat-001,near_repeat,True,0.8082,True
near_repeat-002,near_repeat,True,0.8904,True
near_repeat-003,near_repeat,True,0.9262,True
near_repeat-004,near_repeat,True,0.6452,False
near_repeat-005,near_repeat,True,0.9136,True
near_repeat-006,near_repeat,True,0.9202,True
near_repeat-007,near_repeat,True,0.8748,True
near_repeat-008,near_repeat,True,0.9467,True
near_repeat-009,near_repeat,True,0.8904,True
near_repeat-010,near_repeat,True,0.9466,True
near_repeat-011,near_repeat,True,0.9556,True
near_repeat-012,near_repeat,True,0.7746,False
near_repeat-013,near_repeat,True,0.9695,True
near_repeat-014,near_repeat,True,0.9139,True
near_repeat-015,near_repeat,True,0.8094,True
near_repeat-016,near_repeat,True,0.7144,False
near_repeat-017,near_repeat,True,0.5968,False
near_repeat-018,near_repeat,True,0.9889,True
near_repeat-019,near_repeat,True,1.0000,True
near_repeat-020,near_repeat,True,0.9936,True
near_repeat-021,near_repeat,True,0.9607,True
near_repeat-022,near_repeat,True,0.9673,True
near_repeat-023,near_repeat,True,0.9592,True
near_repeat-024,near_repeat,True,1.0000,True
near_repeat-025,near_repeat,True,0.9823,True
near_repeat-026,near_repeat,True,0.9831,True
near_repeat-027,near_repeat,True,1.0000,True
near_repeat-028,near_repeat,True,0.9954,True
near_repeat-029,near_repeat,True,0.9733,True
near_repeat-030,near_repeat,True,0.9555,True
near_repeat-031,near_repeat,True,1.0000,True
near_repeat-032,near_repeat,True,0.9951,True
near_repeat-033,near_repeat,True,0.9535,True
near_repeat-034,near_repeat,True,0.9880,True
near_repeat-035,near_repeat,True,0.9379,True
near_repeat-036,near_repeat,True,0.9856,True
near_repeat-037,near_repeat,True,0.9921,True
near_repeat-038,near_repeat,True,0.9707,True
near_repeat-039,near_repeat,True,0.9590,True
near_repeat-040,near_repeat,True,0.9560,True
near_repeat-041,near_repeat,True,0.9486,True
near_repeat-042,near_repeat,True,0.9594,True
near_repeat-043,near_repeat,True,0.9704,True
near_repeat-044,near_repeat,True,0.9542,True
near_repeat-045,near_repeat,True,0.9738,True
near_repeat-046,near_repeat,True,0.9634,True
near_repeat-047,near_repeat,True,0.9481,True
near_repeat-048,near_repeat,True,0.9779,True
near_repeat-049,near_repeat,True,0.9701,True
near_repeat-050,near_repeat,True,0.9565,True
near_repeat-051,near_repeat,True,0.9322,True
near_repeat-052,near_repeat,True,0.9935,True
near_repeat-053,near_repeat,True,0.9710,True
near_repeat-054,near_repeat,True,0.9854,True
near_repeat-055,near_repeat,True,0.9787,True
near_repeat-056,near_repeat,True,0.9933,True
near_repeat-057,near_repeat,True,0.9951,True
near_repeat-058,near_repeat,True,0.9911,True
near_repeat-059,near_repeat,True,0.9956,True
near_repeat-060,near_repeat,True,0.9892,True
near_repeat-061,near_repeat,True,0.9847,True
near_repeat-062,near_repeat,True,0.9400,True
near_repeat-063,near_repeat,True,0.9831,True
near_repeat-064,near_repeat,True,0.9507,True
near_repeat-065,near_repeat,True,0.9440,True
near_repeat-066,near_repeat,True,0.9957,True
near_repeat-067,near_repeat,True,0.9883,True
near_repeat-068,near_repeat,True,0.9058,True
near_repeat-069,near_repeat,True,0.9894,True
near_repeat-070,near_repeat,True,0.9838,True
near_repeat-071,near_repeat,True,0.9892,True
near_repeat-072,near_repeat,True,0.9835,True
near_repeat-073,near_repeat,True,0.9840,True
near_repeat-074,near_repeat,True,0.9774,True
near_repeat-075,near_repeat,True,0.9835,True
near_repeat-076,near_repeat,True,0.9843,True
near_repeat-077,near_repeat,True,0.9790,True
near_repeat-078,near_repeat,True,0.9913,True
near_repeat-079,near_repeat,True,0.9908,True
near_repeat-080,near_repeat,True,0.9834,True
near_repeat-081,near_repeat,True,0.9858,True
near_repeat-082,near_repeat,True,0.9800,True
near_repeat-083,near_repeat,True,0.9520,True
near_repeat-084,near_repeat,True,0.9834,True
near_repeat-085,near_repeat,True,0.9774,True
near_repeat-086,near_repeat,True,0.9900,True
near_repeat-087,near_repeat,True,0.9869,True
near_repeat-088,near_repeat,True,0.9803,True
near_repeat-089,near_repeat,True,0.9878,True
near_repeat-090,near_repeat,True,0.9636,True
near_repeat-091,near_repeat,True,0.9802,True
near_repeat-092,near_repeat,True,0.9719,True
near_repeat-093,near_repeat,True,0.9618,True
near_repeat-094,near_repeat,True,0.9729,True
near_repeat-095,near_repeat,True,0.9875,True
near_repeat-096,near_repeat,True,0.9638,True
near_repeat-097,near_repeat,True,0.9488,True
near_repeat-098,near_repeat,True,0.9802,True
near_repeat-099,near_repeat,True,0.9772,True
near_repeat-100,near_repeat,True,0.9818,True
paraphrase-a001,paraphrase,True,0.9975,True
paraphrase-a002,paraphrase,True,0.9831,True
paraphrase-a003,paraphrase,True,0.9647,True
paraphrase-a004,paraphrase,True,0.9944,True
paraphrase-a005,paraphrase,True,0.9764,True
paraphrase-a006,paraphrase,True,0.9976,True
paraphrase-a007,paraphrase,True,0.9896,True
paraphrase-a008,paraphrase,True,0.9612,True
paraphrase-a009,paraphrase,True,0.9609,True
paraphrase-a010,paraphrase,True,0.9946,True
paraphrase-a011,paraphrase,True,0.9966,True
paraphrase-a012,paraphrase,True,0.9693,True
paraphrase-a013,paraphrase,True,0.8611,True
paraphrase-a014,paraphrase,True,0.9948,True
paraphrase-a015,paraphrase,True,0.9849,True
paraphrase-a016,paraphrase,True,0.9658,True
paraphrase-a017,paraphrase,True,0.9944,True
paraphrase-a018,paraphrase,True,0.9960,True
paraphrase-a019,paraphrase,True,0.9630,True
paraphrase-a020,paraphrase,True,0.9632,True
paraphrase-a021,paraphrase,True,0.9789,True
paraphrase-a022,paraphrase,True,0.9623,True
paraphrase-a023,paraphrase,True,0.9539,True
paraphrase-a024,paraphrase,True,0.9615,True
paraphrase-a025,paraphrase,True,0.9817,True
paraphrase-a026,paraphrase,True,0.8299,True
paraphrase-a027,paraphrase,True,0.8518,True
paraphrase-a028,paraphrase,True,0.7859,False
paraphrase-a029,paraphrase,True,0.6494,False
paraphrase-a030,paraphrase,True,0.8715,True
paraphrase-a031,paraphrase,True,0.8391,True
paraphrase-a032,paraphrase,True,0.8664,True
paraphrase-a033,paraphrase,True,0.8426,True
paraphrase-a034,paraphrase,True,0.7554,False
paraphrase-a035,paraphrase,True,0.8415,True
paraphrase-a036,paraphrase,True,0.8408,True
paraphrase-a037,paraphrase,True,0.7938,False
paraphrase-a038,paraphrase,True,0.7259,False
paraphrase-a039,paraphrase,True,0.6631,False
paraphrase-a040,paraphrase,True,0.7322,False
paraphrase-a041,paraphrase,True,0.8071,True
paraphrase-a042,paraphrase,True,0.8601,True
paraphrase-a043,paraphrase,True,0.9083,True
paraphrase-a044,paraphrase,True,0.8553,True
paraphrase-a045,paraphrase,True,0.8999,True
paraphrase-a046,paraphrase,True,0.8129,True
paraphrase-a047,paraphrase,True,0.8428,True
paraphrase-a048,paraphrase,True,0.6747,False
paraphrase-a049,paraphrase,True,0.6721,False
paraphrase-a050,paraphrase,True,0.7839,False
negation-a001,negation,False,0.9730,True
negation-a002,negation,False,0.9510,True
negation-a003,negation,False,0.9098,True
negation-a004,negation,False,0.9416,True
negation-a005,negation,False,0.9153,True
negation-a006,negation,False,0.9206,True
negation-a007,negation,False,0.9424,True
negation-a008,negation,False,0.9144,True
negation-a009,negation,False,0.9328,True
negation-a010,negation,False,0.9135,True
negation-a011,negation,False,0.9349,True
negation-a012,negation,False,0.8225,True
negation-a013,negation,False,0.9590,True
negation-a014,negation,False,0.7847,False
negation-a015,negation,False,0.8260,True
negation-a016,negation,False,0.7878,False
negation-a017,negation,False,0.6553,False
negation-a018,negation,False,0.8462,True
negation-a019,negation,False,0.6797,False
negation-a020,negation,False,0.8414,True
negation-a021,negation,False,0.6543,False
negation-a022,negation,False,0.8629,True
negation-a023,negation,False,0.8084,True
negation-a024,negation,False,0.7823,False
negation-a025,negation,False,0.8640,True
entity_swap-a001,entity_swap,False,0.9946,True
entity_swap-a002,entity_swap,False,0.9245,True
entity_swap-a003,entity_swap,False,0.9543,True
entity_swap-a004,entity_swap,False,0.9198,True
entity_swap-a005,entity_swap,False,0.8534,True
entity_swap-a006,entity_swap,False,0.9377,True
entity_swap-a007,entity_swap,False,0.9785,True
entity_swap-a008,entity_swap,False,0.8837,True
entity_swap-a009,entity_swap,False,0.8653,True
entity_swap-a010,entity_swap,False,0.9053,True
entity_swap-a011,entity_swap,False,0.9019,True
entity_swap-a012,entity_swap,False,0.7063,False
entity_swap-a013,entity_swap,False,0.8723,True
entity_swap-a014,entity_swap,False,0.8924,True
entity_swap-a015,entity_swap,False,0.7251,False
entity_swap-a016,entity_swap,False,0.8293,True
entity_swap-a017,entity_swap,False,0.8155,True
entity_swap-a018,entity_swap,False,0.7368,False
entity_swap-a019,entity_swap,False,0.7355,False
entity_swap-a020,entity_swap,False,0.7984,False
entity_swap-a021,entity_swap,False,0.9227,True
entity_swap-a022,entity_swap,False,0.8062,True
entity_swap-a023,entity_swap,False,0.7736,False
entity_swap-a024,entity_swap,False,0.8673,True
entity_swap-a025,entity_swap,False,0.8111,True
number_date-a001,number_date,False,0.9518,True
number_date-a002,number_date,False,0.9664,True
number_date-a003,number_date,False,0.9474,True
number_date-a004,number_date,False,0.9773,True
number_date-a005,number_date,False,0.9842,True
number_date-a006,number_date,False,0.9734,True
number_date-a007,number_date,False,0.9748,True
number_date-a008,number_date,False,0.9852,True
number_date-a009,number_date,False,0.9840,True
number_date-a010,number_date,False,0.9643,True
number_date-a011,number_date,False,0.9647,True
number_date-a012,number_date,False,0.9675,True
number_date-a013,number_date,False,0.9736,True
number_date-a014,number_date,False,0.7802,False
number_date-a015,number_date,False,0.9125,True
number_date-a016,number_date,False,0.8405,True
number_date-a017,number_date,False,0.8202,True
number_date-a018,number_date,False,0.6466,False
number_date-a019,number_date,False,0.8468,True
number_date-a020,number_date,False,0.8879,True
number_date-a021,number_date,False,0.8651,True
number_date-a022,number_date,False,0.8416,True
number_date-a023,number_date,False,0.8303,True
number_date-a024,number_date,False,0.9269,True
number_date-a025,number_date,False,0.8434,True
scope-a001,scope,False,0.9580,True
scope-a002,scope,False,0.9648,True
scope-a003,scope,False,0.9676,True
scope-a004,scope,False,0.9460,True
scope-a005,scope,False,0.9430,True
scope-a006,scope,False,0.8491,True
scope-a007,scope,False,0.9041,True
scope-a008,scope,False,0.8580,True
scope-a009,scope,False,0.8161,True
scope-a010,scope,False,0.7741,False
scope-a011,scope,False,0.9859,True
scope-a012,scope,False,0.9222,True
scope-a013,scope,False,0.8578,True
scope-a014,scope,False,0.8045,True
scope-a015,scope,False,0.8352,True
scope-a016,scope,False,0.7237,False
scope-a017,scope,False,0.7883,False
scope-a018,scope,False,0.8468,True
scope-a019,scope,False,0.8637,True
scope-a020,scope,False,0.9330,True
scope-a021,scope,False,0.8536,True
scope-a022,scope,False,0.7145,False
scope-a023,scope,False,0.7806,False
scope-a024,scope,False,0.8669,True
scope-a025,scope,False,0.8345,True
paraphrase-b001,paraphrase,True,0.9630,True
paraphrase-b002,paraphrase,True,0.9588,True
paraphrase-b003,paraphrase,True,0.9941,True
paraphrase-b004,paraphrase,True,0.9702,True
paraphrase-b005,paraphrase,True,0.9924,True
paraphrase-b006,paraphrase,True,0.9900,True
paraphrase-b007,paraphrase,True,0.9966,True
paraphrase-b008,paraphrase,True,0.9957,True
paraphrase-b009,paraphrase,True,0.9653,True
paraphrase-b010,paraphrase,True,0.9720,True
paraphrase-b011,paraphrase,True,0.9354,True
paraphrase-b012,paraphrase,True,0.9661,True
paraphrase-b013,paraphrase,True,0.9872,True
paraphrase-b014,paraphrase,True,0.9961,True
paraphrase-b015,paraphrase,True,0.9589,True
paraphrase-b016,paraphrase,True,0.9298,True
paraphrase-b017,paraphrase,True,0.8661,True
paraphrase-b018,paraphrase,True,0.9982,True
paraphrase-b019,paraphrase,True,0.8913,True
paraphrase-b020,paraphrase,True,0.9733,True
paraphrase-b021,paraphrase,True,0.9930,True
paraphrase-b022,paraphrase,True,0.9724,True
paraphrase-b023,paraphrase,True,0.9765,True
paraphrase-b024,paraphrase,True,0.9778,True
paraphrase-b025,paraphrase,True,0.9634,True
paraphrase-b026,paraphrase,True,0.7434,False
paraphrase-b027,paraphrase,True,0.7967,False
paraphrase-b028,paraphrase,True,0.8242,True
paraphrase-b029,paraphrase,True,0.8398,True
paraphrase-b030,paraphrase,True,0.9123,True
paraphrase-b031,paraphrase,True,0.7843,False
paraphrase-b032,paraphrase,True,0.8948,True
paraphrase-b033,paraphrase,True,0.9346,True
paraphrase-b034,paraphrase,True,0.6854,False
paraphrase-b035,paraphrase,True,0.8099,True
paraphrase-b036,paraphrase,True,0.7011,False
paraphrase-b037,paraphrase,True,0.7329,False
paraphrase-b038,paraphrase,True,0.8658,True
paraphrase-b039,paraphrase,True,0.7912,False
paraphrase-b040,paraphrase,True,0.9209,True
paraphrase-b041,paraphrase,True,0.7935,False
paraphrase-b042,paraphrase,True,0.7627,False
paraphrase-b043,paraphrase,True,0.7717,False
paraphrase-b044,paraphrase,True,0.8369,True
paraphrase-b045,paraphrase,True,0.8307,True
paraphrase-b046,paraphrase,True,0.6565,False
paraphrase-b047,paraphrase,True,0.7775,False
paraphrase-b048,paraphrase,True,0.7261,False
paraphrase-b049,paraphrase,True,0.6157,False
paraphrase-b050,paraphrase,True,0.9456,True
negation-b001,negation,False,0.9756,True
negation-b002,negation,False,0.9737,True
negation-b003,negation,False,0.9536,True
negation-b004,negation,False,0.9404,True
negation-b005,negation,False,0.8316,True
negation-b006,negation,False,0.9331,True
negation-b007,negation,False,0.8990,True
negation-b008,negation,False,0.9794,True
negation-b009,negation,False,0.8702,True
negation-b010,negation,False,0.9552,True
negation-b011,negation,False,0.9286,True
negation-b012,negation,False,0.9015,True
negation-b013,negation,False,0.9347,True
negation-b014,negation,False,0.8038,True
negation-b015,negation,False,0.8017,True
negation-b016,negation,False,0.7325,False
negation-b017,negation,False,0.8274,True
negation-b018,negation,False,0.5771,False
negation-b019,negation,False,0.7159,False
negation-b020,negation,False,0.8988,True
negation-b021,negation,False,0.8612,True
negation-b022,negation,False,0.8662,True
negation-b023,negation,False,0.7818,False
negation-b024,negation,False,0.8810,True
negation-b025,negation,False,0.7465,False
entity_swap-b001,entity_swap,False,0.8315,True
entity_swap-b002,entity_swap,False,0.8629,True
entity_swap-b003,entity_swap,False,0.8628,True
entity_swap-b004,entity_swap,False,0.7582,False
entity_swap-b005,entity_swap,False,0.8614,True
entity_swap-b006,entity_swap,False,0.9263,True
entity_swap-b007,entity_swap,False,0.7456,False
entity_swap-b008,entity_swap,False,0.9797,True
entity_swap-b009,entity_swap,False,0.8788,True
entity_swap-b010,entity_swap,False,0.8518,True
entity_swap-b011,entity_swap,False,0.9145,True
entity_swap-b012,entity_swap,False,0.8766,True
entity_swap-b013,entity_swap,False,0.7780,False
entity_swap-b014,entity_swap,False,0.8757,True
entity_swap-b015,entity_swap,False,0.8245,True
entity_swap-b016,entity_swap,False,0.6761,False
entity_swap-b017,entity_swap,False,0.9041,True
entity_swap-b018,entity_swap,False,0.7811,False
entity_swap-b019,entity_swap,False,0.7060,False
entity_swap-b020,entity_swap,False,0.6713,False
entity_swap-b021,entity_swap,False,0.6260,False
entity_swap-b022,entity_swap,False,0.7537,False
entity_swap-b023,entity_swap,False,0.7536,False
entity_swap-b024,entity_swap,False,0.8180,True
entity_swap-b025,entity_swap,False,0.7377,False
number_date-b001,number_date,False,0.9642,True
number_date-b002,number_date,False,0.9911,True
number_date-b003,number_date,False,0.9671,True
number_date-b004,number_date,False,0.9954,True
number_date-b005,number_date,False,0.9275,True
number_date-b006,number_date,False,0.9422,True
number_date-b007,number_date,False,0.9687,True
number_date-b008,number_date,False,0.9765,True
number_date-b009,number_date,False,0.9750,True
number_date-b010,number_date,False,0.9256,True
number_date-b011,number_date,False,0.9899,True
number_date-b012,number_date,False,0.9888,True
number_date-b013,number_date,False,0.9422,True
number_date-b014,number_date,False,0.7641,False
number_date-b015,number_date,False,0.8072,True
number_date-b016,number_date,False,0.7964,False
number_date-b017,number_date,False,0.8523,True
number_date-b018,number_date,False,0.8579,True
number_date-b019,number_date,False,0.8236,True
number_date-b020,number_date,False,0.7901,False
number_date-b021,number_date,False,0.8055,True
number_date-b022,number_date,False,0.8497,True
number_date-b023,number_date,False,0.8756,True
number_date-b024,number_date,False,0.8284,True
number_date-b025,number_date,False,0.8886,True
scope-b001,scope,False,0.8046,True
scope-b002,scope,False,0.8886,True
scope-b003,scope,False,0.9389,True
scope-b004,scope,False,0.9559,True
scope-b005,scope,False,0.9207,True
scope-b006,scope,False,0.8209,True
scope-b007,scope,False,0.9119,True
scope-b008,scope,False,0.8080,True
scope-b009,scope,False,0.7928,False
scope-b010,scope,False,0.8990,True
scope-b011,scope,False,0.8106,True
scope-b012,scope,False,0.8451,True
scope-b013,scope,False,0.9218,True
scope-b014,scope,False,0.7323,False
scope-b015,scope,False,0.7712,False
scope-b016,scope,False,0.7459,False
scope-b017,scope,False,0.7051,False
scope-b018,scope,False,0.7015,False
scope-b019,scope,False,0.6778,False
scope-b020,scope,False,0.7932,False
scope-b021,scope,False,0.8202,True
scope-b022,scope,False,0.7878,False
scope-b023,scope,False,0.6910,False
scope-b024,scope,False,0.6734,False
scope-b025,scope,False,0.8454,True
