id,category,same_answer,score,latency_s
negation-001,negation,False,0.0400,0.358
negation-002,negation,False,0.1600,0.293
negation-003,negation,False,0.0900,0.317
negation-004,negation,False,0.2200,0.277
negation-005,negation,False,0.0300,0.306
negation-006,negation,False,0.0400,0.264
negation-007,negation,False,0.0500,0.297
negation-008,negation,False,0.2500,0.269
negation-009,negation,False,0.4900,0.307
negation-010,negation,False,0.0700,0.338
negation-011,negation,False,0.0400,0.297
negation-012,negation,False,0.1500,0.306
negation-013,negation,False,0.1700,0.255
negation-014,negation,False,0.0400,0.325
negation-015,negation,False,0.0500,0.376
negation-016,negation,False,0.0900,0.244
negation-017,negation,False,0.0600,0.277
negation-018,negation,False,0.2100,0.316
negation-019,negation,False,0.1900,0.302
negation-020,negation,False,0.7000,0.281
negation-021,negation,False,0.2500,0.252
negation-022,negation,False,0.0400,0.281
negation-023,negation,False,0.0900,0.282
negation-024,negation,False,0.0400,0.305
negation-025,negation,False,0.2000,0.244
entity_swap-001,entity_swap,False,0.0300,0.260
entity_swap-002,entity_swap,False,0.0400,0.430
entity_swap-003,entity_swap,False,0.0500,0.244
entity_swap-004,entity_swap,False,0.0200,0.262
entity_swap-005,entity_swap,False,0.0200,0.270
entity_swap-006,entity_swap,False,0.0200,0.334
entity_swap-007,entity_swap,False,0.0400,0.270
entity_swap-008,entity_swap,False,0.0600,0.286
entity_swap-009,entity_swap,False,0.0500,0.337
entity_swap-010,entity_swap,False,0.0800,0.249
entity_swap-011,entity_swap,False,0.1100,0.355
entity_swap-012,entity_swap,False,0.0500,0.261
entity_swap-013,entity_swap,False,0.0400,0.241
entity_swap-014,entity_swap,False,0.0300,0.308
entity_swap-015,entity_swap,False,0.0900,0.256
entity_swap-016,entity_swap,False,0.0300,0.258
entity_swap-017,entity_swap,False,0.0300,0.279
entity_swap-018,entity_swap,False,0.0200,0.280
entity_swap-019,entity_swap,False,0.1600,0.330
entity_swap-020,entity_swap,False,0.1600,0.272
entity_swap-021,entity_swap,False,0.0900,0.305
entity_swap-022,entity_swap,False,0.0600,0.276
entity_swap-023,entity_swap,False,0.0500,0.273
entity_swap-024,entity_swap,False,0.0500,0.289
entity_swap-025,entity_swap,False,0.0700,0.302
number_date-001,number_date,False,0.1700,0.445
number_date-002,number_date,False,0.0200,0.342
number_date-003,number_date,False,0.2200,0.308
number_date-004,number_date,False,0.1200,0.256
number_date-005,number_date,False,0.1300,0.314
number_date-006,number_date,False,0.0400,0.350
number_date-007,number_date,False,0.1000,0.251
number_date-008,number_date,False,0.1800,0.348
number_date-009,number_date,False,0.0600,0.265
number_date-010,number_date,False,0.3200,0.303
number_date-011,number_date,False,0.1300,0.317
number_date-012,number_date,False,0.0600,0.291
number_date-013,number_date,False,0.0200,0.322
number_date-014,number_date,False,0.1300,0.296
number_date-015,number_date,False,0.0300,0.299
number_date-016,number_date,False,0.1200,0.297
number_date-017,number_date,False,0.3000,0.308
number_date-018,number_date,False,0.0600,0.252
number_date-019,number_date,False,0.0600,0.299
number_date-020,number_date,False,0.1900,0.292
number_date-021,number_date,False,0.0500,0.352
number_date-022,number_date,False,0.1600,0.245
number_date-023,number_date,False,0.0700,0.283
number_date-024,number_date,False,0.0300,0.330
number_date-025,number_date,False,0.0300,0.312
scope-001,scope,False,0.1400,0.237
scope-002,scope,False,0.0400,0.300
scope-003,scope,False,0.0600,0.269
scope-004,scope,False,0.1900,0.296
scope-005,scope,False,0.2000,0.269
scope-006,scope,False,0.0400,0.290
scope-007,scope,False,0.1000,0.291
scope-008,scope,False,0.0300,0.311
scope-009,scope,False,0.0800,0.292
scope-010,scope,False,0.2600,0.248
scope-011,scope,False,0.2600,0.259
scope-012,scope,False,0.3800,0.336
scope-013,scope,False,0.0600,0.265
scope-014,scope,False,0.0600,0.325
scope-015,scope,False,0.4000,0.304
scope-016,scope,False,0.3800,0.242
scope-017,scope,False,0.1500,0.279
scope-018,scope,False,0.2000,0.270
scope-019,scope,False,0.1200,0.299
scope-020,scope,False,0.1800,0.246
scope-021,scope,False,0.3600,0.320
scope-022,scope,False,0.0300,0.299
scope-023,scope,False,0.1000,0.362
scope-024,scope,False,0.2400,0.276
scope-025,scope,False,0.0400,0.371
paraphrase-001,paraphrase,True,0.9700,0.309
paraphrase-002,paraphrase,True,0.9000,0.274
paraphrase-003,paraphrase,True,0.9600,0.295
paraphrase-004,paraphrase,True,0.9400,0.293
paraphrase-005,paraphrase,True,0.9100,0.253
paraphrase-006,paraphrase,True,0.9500,0.293
paraphrase-007,paraphrase,True,0.9000,0.268
paraphrase-008,paraphrase,True,0.9500,0.257
paraphrase-009,paraphrase,True,0.9300,0.322
paraphrase-010,paraphrase,True,0.9600,0.346
paraphrase-011,paraphrase,True,0.9900,0.345
paraphrase-012,paraphrase,True,0.9900,0.263
paraphrase-013,paraphrase,True,0.8900,0.262
paraphrase-014,paraphrase,True,0.9000,0.292
paraphrase-015,paraphrase,True,0.9600,0.252
paraphrase-016,paraphrase,True,0.8200,0.275
paraphrase-017,paraphrase,True,0.8700,0.250
paraphrase-018,paraphrase,True,0.8300,0.437
paraphrase-019,paraphrase,True,0.9700,0.307
paraphrase-020,paraphrase,True,0.9200,0.305
paraphrase-021,paraphrase,True,0.6500,0.309
paraphrase-022,paraphrase,True,0.8800,0.262
paraphrase-023,paraphrase,True,0.9600,0.265
paraphrase-024,paraphrase,True,0.7300,0.358
paraphrase-025,paraphrase,True,0.9000,0.284
paraphrase-026,paraphrase,True,0.9600,0.274
paraphrase-027,paraphrase,True,0.9500,0.270
paraphrase-028,paraphrase,True,0.9400,0.264
paraphrase-029,paraphrase,True,0.8900,0.289
paraphrase-030,paraphrase,True,0.9600,0.279
paraphrase-031,paraphrase,True,0.9500,0.320
paraphrase-032,paraphrase,True,0.9700,0.283
paraphrase-033,paraphrase,True,0.9100,0.292
paraphrase-034,paraphrase,True,0.9700,0.300
paraphrase-035,paraphrase,True,0.9800,0.284
paraphrase-036,paraphrase,True,0.7300,0.301
paraphrase-037,paraphrase,True,0.9300,0.284
paraphrase-038,paraphrase,True,0.6800,0.270
paraphrase-039,paraphrase,True,0.9600,0.302
paraphrase-040,paraphrase,True,0.9500,0.302
paraphrase-041,paraphrase,True,0.9800,0.290
paraphrase-042,paraphrase,True,0.9100,0.261
paraphrase-043,paraphrase,True,0.9800,0.300
paraphrase-044,paraphrase,True,0.9700,0.276
paraphrase-045,paraphrase,True,0.9100,0.275
paraphrase-046,paraphrase,True,0.9400,0.381
paraphrase-047,paraphrase,True,0.9200,0.279
paraphrase-048,paraphrase,True,0.9200,0.256
paraphrase-049,paraphrase,True,0.9700,0.254
paraphrase-050,paraphrase,True,0.9400,0.331
paraphrase-051,paraphrase,True,0.9400,0.274
paraphrase-052,paraphrase,True,0.9400,0.345
paraphrase-053,paraphrase,True,0.9700,0.309
paraphrase-054,paraphrase,True,0.9700,0.292
paraphrase-055,paraphrase,True,0.9500,0.273
paraphrase-056,paraphrase,True,0.9300,0.323
paraphrase-057,paraphrase,True,0.9300,0.263
paraphrase-058,paraphrase,True,0.8000,0.285
paraphrase-059,paraphrase,True,0.8200,0.338
paraphrase-060,paraphrase,True,0.9400,0.270
paraphrase-061,paraphrase,True,0.8800,0.270
paraphrase-062,paraphrase,True,0.9300,0.338
paraphrase-063,paraphrase,True,0.9000,0.255
paraphrase-064,paraphrase,True,0.9300,0.290
paraphrase-065,paraphrase,True,0.9500,0.258
paraphrase-066,paraphrase,True,0.9600,0.300
paraphrase-067,paraphrase,True,0.7900,0.237
paraphrase-068,paraphrase,True,0.9500,0.310
paraphrase-069,paraphrase,True,0.9800,0.265
paraphrase-070,paraphrase,True,0.6000,0.281
paraphrase-071,paraphrase,True,0.9700,0.291
paraphrase-072,paraphrase,True,0.7100,0.281
paraphrase-073,paraphrase,True,0.9900,0.282
paraphrase-074,paraphrase,True,0.9200,0.275
paraphrase-075,paraphrase,True,0.9500,0.253
paraphrase-076,paraphrase,True,0.9800,0.380
paraphrase-077,paraphrase,True,0.9200,0.274
paraphrase-078,paraphrase,True,0.7600,0.328
paraphrase-079,paraphrase,True,0.5400,0.316
paraphrase-080,paraphrase,True,0.9600,0.250
paraphrase-081,paraphrase,True,0.9300,0.260
paraphrase-082,paraphrase,True,0.8900,0.397
paraphrase-083,paraphrase,True,0.8000,0.260
paraphrase-084,paraphrase,True,0.6100,0.428
paraphrase-085,paraphrase,True,0.9100,0.370
paraphrase-086,paraphrase,True,0.9700,0.244
paraphrase-087,paraphrase,True,0.9600,0.250
paraphrase-088,paraphrase,True,0.8900,0.344
paraphrase-089,paraphrase,True,0.9700,0.286
paraphrase-090,paraphrase,True,0.9500,0.278
paraphrase-091,paraphrase,True,0.9500,0.315
paraphrase-092,paraphrase,True,0.9300,0.556
paraphrase-093,paraphrase,True,0.9400,0.318
paraphrase-094,paraphrase,True,0.9000,0.272
paraphrase-095,paraphrase,True,0.9900,0.308
paraphrase-096,paraphrase,True,0.9200,0.248
paraphrase-097,paraphrase,True,0.9600,0.306
paraphrase-098,paraphrase,True,0.6900,0.317
paraphrase-099,paraphrase,True,0.6600,0.277
paraphrase-100,paraphrase,True,0.9500,0.359
near_repeat-001,near_repeat,True,0.9700,0.281
near_repeat-002,near_repeat,True,0.8100,0.334
near_repeat-003,near_repeat,True,0.9900,0.252
near_repeat-004,near_repeat,True,0.9600,0.307
near_repeat-005,near_repeat,True,0.9300,0.273
near_repeat-006,near_repeat,True,0.7100,0.272
near_repeat-007,near_repeat,True,0.9600,0.269
near_repeat-008,near_repeat,True,0.9600,0.241
near_repeat-009,near_repeat,True,0.9400,0.296
near_repeat-010,near_repeat,True,0.9800,0.322
near_repeat-011,near_repeat,True,0.9600,0.332
near_repeat-012,near_repeat,True,0.9500,0.284
near_repeat-013,near_repeat,True,0.9800,0.278
near_repeat-014,near_repeat,True,0.9900,0.279
near_repeat-015,near_repeat,True,0.9800,0.382
near_repeat-016,near_repeat,True,0.9500,0.274
near_repeat-017,near_repeat,True,0.9100,0.314
near_repeat-018,near_repeat,True,0.9800,0.270
near_repeat-019,near_repeat,True,0.9800,0.236
near_repeat-020,near_repeat,True,0.9700,0.270
near_repeat-021,near_repeat,True,0.9800,0.295
near_repeat-022,near_repeat,True,0.9700,0.283
near_repeat-023,near_repeat,True,0.9500,0.403
near_repeat-024,near_repeat,True,0.9800,0.284
near_repeat-025,near_repeat,True,0.9700,0.310
near_repeat-026,near_repeat,True,0.9600,0.329
near_repeat-027,near_repeat,True,0.9800,0.303
near_repeat-028,near_repeat,True,0.9700,0.250
near_repeat-029,near_repeat,True,0.9900,0.311
near_repeat-030,near_repeat,True,0.9700,0.295
near_repeat-031,near_repeat,True,0.9700,0.356
near_repeat-032,near_repeat,True,0.9800,0.297
near_repeat-033,near_repeat,True,0.9500,0.261
near_repeat-034,near_repeat,True,0.9800,0.250
near_repeat-035,near_repeat,True,0.9800,0.288
near_repeat-036,near_repeat,True,0.9800,0.258
near_repeat-037,near_repeat,True,0.9800,0.279
near_repeat-038,near_repeat,True,0.9700,0.306
near_repeat-039,near_repeat,True,0.9700,0.247
near_repeat-040,near_repeat,True,0.9700,0.289
near_repeat-041,near_repeat,True,0.9700,0.309
near_repeat-042,near_repeat,True,0.9800,0.333
near_repeat-043,near_repeat,True,0.9700,0.380
near_repeat-044,near_repeat,True,0.9700,0.291
near_repeat-045,near_repeat,True,0.9700,0.295
near_repeat-046,near_repeat,True,0.9900,0.303
near_repeat-047,near_repeat,True,0.9700,0.318
near_repeat-048,near_repeat,True,0.9700,0.276
near_repeat-049,near_repeat,True,0.9700,0.301
near_repeat-050,near_repeat,True,0.9800,0.277
near_repeat-051,near_repeat,True,0.9600,0.366
near_repeat-052,near_repeat,True,0.9800,0.304
near_repeat-053,near_repeat,True,0.8700,0.238
near_repeat-054,near_repeat,True,0.9800,0.259
near_repeat-055,near_repeat,True,0.9600,0.266
near_repeat-056,near_repeat,True,0.9800,0.317
near_repeat-057,near_repeat,True,0.9800,0.324
near_repeat-058,near_repeat,True,0.9600,0.435
near_repeat-059,near_repeat,True,0.9800,0.308
near_repeat-060,near_repeat,True,0.9700,0.248
near_repeat-061,near_repeat,True,0.9800,0.296
near_repeat-062,near_repeat,True,0.9700,0.282
near_repeat-063,near_repeat,True,0.9800,0.247
near_repeat-064,near_repeat,True,0.9700,0.243
near_repeat-065,near_repeat,True,0.9700,0.251
near_repeat-066,near_repeat,True,0.9700,0.250
near_repeat-067,near_repeat,True,0.9600,0.290
near_repeat-068,near_repeat,True,0.9700,0.250
near_repeat-069,near_repeat,True,0.9800,0.241
near_repeat-070,near_repeat,True,0.9800,0.262
near_repeat-071,near_repeat,True,0.9800,0.280
near_repeat-072,near_repeat,True,0.9800,0.255
near_repeat-073,near_repeat,True,0.9800,0.282
near_repeat-074,near_repeat,True,0.9700,0.295
near_repeat-075,near_repeat,True,0.9800,0.282
near_repeat-076,near_repeat,True,0.9800,0.304
near_repeat-077,near_repeat,True,0.9700,0.284
near_repeat-078,near_repeat,True,0.9900,0.254
near_repeat-079,near_repeat,True,0.9900,0.256
near_repeat-080,near_repeat,True,0.9800,0.413
near_repeat-081,near_repeat,True,0.9800,0.290
near_repeat-082,near_repeat,True,0.9800,0.287
near_repeat-083,near_repeat,True,0.9800,0.246
near_repeat-084,near_repeat,True,0.9700,0.259
near_repeat-085,near_repeat,True,0.9700,0.302
near_repeat-086,near_repeat,True,0.9700,0.266
near_repeat-087,near_repeat,True,0.9700,0.261
near_repeat-088,near_repeat,True,0.9800,0.325
near_repeat-089,near_repeat,True,0.9600,1.014
near_repeat-090,near_repeat,True,0.9800,0.299
near_repeat-091,near_repeat,True,0.9700,0.254
near_repeat-092,near_repeat,True,0.9600,0.330
near_repeat-093,near_repeat,True,0.9700,0.275
near_repeat-094,near_repeat,True,0.9700,0.309
near_repeat-095,near_repeat,True,0.9800,0.406
near_repeat-096,near_repeat,True,0.9700,0.295
near_repeat-097,near_repeat,True,0.9700,0.251
near_repeat-098,near_repeat,True,0.9800,0.368
near_repeat-099,near_repeat,True,0.9800,0.276
near_repeat-100,near_repeat,True,0.9700,0.298
paraphrase-a001,paraphrase,True,0.9800,0.259
paraphrase-a002,paraphrase,True,0.9800,0.260
paraphrase-a003,paraphrase,True,0.9600,0.288
paraphrase-a004,paraphrase,True,0.9600,0.263
paraphrase-a005,paraphrase,True,0.9800,0.296
paraphrase-a006,paraphrase,True,0.9800,0.319
paraphrase-a007,paraphrase,True,0.9800,0.272
paraphrase-a008,paraphrase,True,0.9700,0.292
paraphrase-a009,paraphrase,True,0.9700,0.338
paraphrase-a010,paraphrase,True,0.9700,0.421
paraphrase-a011,paraphrase,True,0.9800,0.327
paraphrase-a012,paraphrase,True,0.9500,0.343
paraphrase-a013,paraphrase,True,0.9300,0.270
paraphrase-a014,paraphrase,True,0.9800,0.268
paraphrase-a015,paraphrase,True,0.9700,0.273
paraphrase-a016,paraphrase,True,0.9700,0.410
paraphrase-a017,paraphrase,True,0.9800,0.376
paraphrase-a018,paraphrase,True,0.8800,0.289
paraphrase-a019,paraphrase,True,0.9700,0.268
paraphrase-a020,paraphrase,True,0.9600,0.333
paraphrase-a021,paraphrase,True,0.9200,0.375
paraphrase-a022,paraphrase,True,0.9700,0.258
paraphrase-a023,paraphrase,True,0.9800,0.347
paraphrase-a024,paraphrase,True,0.9500,0.294
paraphrase-a025,paraphrase,True,0.9800,0.332
paraphrase-a026,paraphrase,True,0.9500,0.273
paraphrase-a027,paraphrase,True,0.9600,0.333
paraphrase-a028,paraphrase,True,0.7800,0.323
paraphrase-a029,paraphrase,True,0.9300,0.279
paraphrase-a030,paraphrase,True,0.9400,0.272
paraphrase-a031,paraphrase,True,0.9500,0.328
paraphrase-a032,paraphrase,True,0.9600,0.274
paraphrase-a033,paraphrase,True,0.9700,0.326
paraphrase-a034,paraphrase,True,0.9600,0.308
paraphrase-a035,paraphrase,True,0.9300,0.307
paraphrase-a036,paraphrase,True,0.9300,0.253
paraphrase-a037,paraphrase,True,0.9400,0.237
paraphrase-a038,paraphrase,True,0.9700,0.276
paraphrase-a039,paraphrase,True,0.9000,0.267
paraphrase-a040,paraphrase,True,0.9600,0.379
paraphrase-a041,paraphrase,True,0.9500,0.259
paraphrase-a042,paraphrase,True,0.9600,0.283
paraphrase-a043,paraphrase,True,0.9700,0.348
paraphrase-a044,paraphrase,True,0.8800,0.300
paraphrase-a045,paraphrase,True,0.9100,0.265
paraphrase-a046,paraphrase,True,0.9000,0.290
paraphrase-a047,paraphrase,True,0.9400,0.244
paraphrase-a048,paraphrase,True,0.9200,0.253
paraphrase-a049,paraphrase,True,0.8900,0.286
paraphrase-a050,paraphrase,True,0.9300,0.327
negation-a001,negation,False,0.0400,0.304
negation-a002,negation,False,0.0400,0.298
negation-a003,negation,False,0.0800,0.289
negation-a004,negation,False,0.1000,0.291
negation-a005,negation,False,0.0600,0.278
negation-a006,negation,False,0.0400,0.275
negation-a007,negation,False,0.0700,0.297
negation-a008,negation,False,0.0300,0.271
negation-a009,negation,False,0.2700,0.252
negation-a010,negation,False,0.0600,0.338
negation-a011,negation,False,0.0300,0.301
negation-a012,negation,False,0.0800,0.266
negation-a013,negation,False,0.0400,0.244
negation-a014,negation,False,0.1800,0.275
negation-a015,negation,False,0.1200,0.284
negation-a016,negation,False,0.1100,0.266
negation-a017,negation,False,0.1500,0.262
negation-a018,negation,False,0.0900,0.289
negation-a019,negation,False,0.1800,0.305
negation-a020,negation,False,0.0900,0.318
negation-a021,negation,False,0.3700,0.290
negation-a022,negation,False,0.0200,0.371
negation-a023,negation,False,0.3900,0.317
negation-a024,negation,False,0.4000,0.312
negation-a025,negation,False,0.0900,0.278
entity_swap-a001,entity_swap,False,0.4900,0.577
entity_swap-a002,entity_swap,False,0.0700,0.314
entity_swap-a003,entity_swap,False,0.0200,0.342
entity_swap-a004,entity_swap,False,0.2500,0.263
entity_swap-a005,entity_swap,False,0.0200,0.271
entity_swap-a006,entity_swap,False,0.0700,0.268
entity_swap-a007,entity_swap,False,0.0900,0.307
entity_swap-a008,entity_swap,False,0.0800,0.295
entity_swap-a009,entity_swap,False,0.1000,0.331
entity_swap-a010,entity_swap,False,0.0700,0.244
entity_swap-a011,entity_swap,False,0.0900,0.312
entity_swap-a012,entity_swap,False,0.0200,0.344
entity_swap-a013,entity_swap,False,0.0500,0.250
entity_swap-a014,entity_swap,False,0.1900,0.323
entity_swap-a015,entity_swap,False,0.0500,0.307
entity_swap-a016,entity_swap,False,0.1700,0.328
entity_swap-a017,entity_swap,False,0.0400,0.278
entity_swap-a018,entity_swap,False,0.0500,0.306
entity_swap-a019,entity_swap,False,0.1000,0.259
entity_swap-a020,entity_swap,False,0.1200,0.257
entity_swap-a021,entity_swap,False,0.0700,0.287
entity_swap-a022,entity_swap,False,0.0300,0.261
entity_swap-a023,entity_swap,False,0.0500,0.320
entity_swap-a024,entity_swap,False,0.2000,0.241
entity_swap-a025,entity_swap,False,0.1200,0.250
number_date-a001,number_date,False,0.3700,0.330
number_date-a002,number_date,False,0.8700,0.312
number_date-a003,number_date,False,0.0300,0.359
number_date-a004,number_date,False,0.0300,0.314
number_date-a005,number_date,False,0.0600,0.296
number_date-a006,number_date,False,0.0900,0.281
number_date-a007,number_date,False,0.2200,0.269
number_date-a008,number_date,False,0.4600,0.360
number_date-a009,number_date,False,0.3700,0.261
number_date-a010,number_date,False,0.3000,0.261
number_date-a011,number_date,False,0.2300,0.281
number_date-a012,number_date,False,0.2500,0.263
number_date-a013,number_date,False,0.4100,0.266
number_date-a014,number_date,False,0.0600,0.278
number_date-a015,number_date,False,0.1300,0.299
number_date-a016,number_date,False,0.0900,0.258
number_date-a017,number_date,False,0.1800,0.243
number_date-a018,number_date,False,0.1600,0.304
number_date-a019,number_date,False,0.0400,0.281
number_date-a020,number_date,False,0.0600,0.288
number_date-a021,number_date,False,0.3100,0.263
number_date-a022,number_date,False,0.2200,0.361
number_date-a023,number_date,False,0.2700,0.420
number_date-a024,number_date,False,0.6100,0.257
number_date-a025,number_date,False,0.1100,0.260
scope-a001,scope,False,0.0700,0.263
scope-a002,scope,False,0.2700,0.264
scope-a003,scope,False,0.1500,0.335
scope-a004,scope,False,0.2200,0.297
scope-a005,scope,False,0.0900,0.250
scope-a006,scope,False,0.3500,0.245
scope-a007,scope,False,0.3400,0.299
scope-a008,scope,False,0.0500,0.245
scope-a009,scope,False,0.1000,0.262
scope-a010,scope,False,0.0700,0.353
scope-a011,scope,False,0.2300,0.278
scope-a012,scope,False,0.1600,0.290
scope-a013,scope,False,0.1700,0.316
scope-a014,scope,False,0.1200,0.344
scope-a015,scope,False,0.0500,0.306
scope-a016,scope,False,0.1200,0.249
scope-a017,scope,False,0.1200,0.345
scope-a018,scope,False,0.0800,0.369
scope-a019,scope,False,0.0500,0.253
scope-a020,scope,False,0.4000,0.254
scope-a021,scope,False,0.1000,0.304
scope-a022,scope,False,0.2600,0.350
scope-a023,scope,False,0.1100,0.286
scope-a024,scope,False,0.3800,0.255
scope-a025,scope,False,0.1300,0.263
paraphrase-b001,paraphrase,True,0.9300,0.353
paraphrase-b002,paraphrase,True,0.9700,0.415
paraphrase-b003,paraphrase,True,0.9800,0.350
paraphrase-b004,paraphrase,True,0.9700,0.309
paraphrase-b005,paraphrase,True,0.9700,0.255
paraphrase-b006,paraphrase,True,0.9800,0.345
paraphrase-b007,paraphrase,True,0.9700,0.268
paraphrase-b008,paraphrase,True,0.9800,0.289
paraphrase-b009,paraphrase,True,0.9400,0.269
paraphrase-b010,paraphrase,True,0.9600,0.262
paraphrase-b011,paraphrase,True,0.9600,0.298
paraphrase-b012,paraphrase,True,0.9600,0.312
paraphrase-b013,paraphrase,True,0.9800,0.285
paraphrase-b014,paraphrase,True,0.9800,0.280
paraphrase-b015,paraphrase,True,0.6700,0.395
paraphrase-b016,paraphrase,True,0.9200,0.280
paraphrase-b017,paraphrase,True,0.9400,0.307
paraphrase-b018,paraphrase,True,0.9800,0.292
paraphrase-b019,paraphrase,True,0.9500,0.315
paraphrase-b020,paraphrase,True,0.9800,0.284
paraphrase-b021,paraphrase,True,0.9700,0.281
paraphrase-b022,paraphrase,True,0.9700,0.338
paraphrase-b023,paraphrase,True,0.9700,0.265
paraphrase-b024,paraphrase,True,0.9700,0.260
paraphrase-b025,paraphrase,True,0.9600,0.330
paraphrase-b026,paraphrase,True,0.9400,0.306
paraphrase-b027,paraphrase,True,0.9100,0.276
paraphrase-b028,paraphrase,True,0.9600,0.294
paraphrase-b029,paraphrase,True,0.8900,0.236
paraphrase-b030,paraphrase,True,0.9600,0.347
paraphrase-b031,paraphrase,True,0.9700,0.256
paraphrase-b032,paraphrase,True,0.9300,0.270
paraphrase-b033,paraphrase,True,0.9700,0.244
paraphrase-b034,paraphrase,True,0.8700,0.274
paraphrase-b035,paraphrase,True,0.9100,0.260
paraphrase-b036,paraphrase,True,0.9600,0.292
paraphrase-b037,paraphrase,True,0.9300,0.286
paraphrase-b038,paraphrase,True,0.9400,0.338
paraphrase-b039,paraphrase,True,0.9500,0.258
paraphrase-b040,paraphrase,True,0.8100,0.290
paraphrase-b041,paraphrase,True,0.7400,0.259
paraphrase-b042,paraphrase,True,0.8400,0.285
paraphrase-b043,paraphrase,True,0.9400,0.288
paraphrase-b044,paraphrase,True,0.9500,0.285
paraphrase-b045,paraphrase,True,0.9500,0.297
paraphrase-b046,paraphrase,True,0.7700,0.421
paraphrase-b047,paraphrase,True,0.9200,0.272
paraphrase-b048,paraphrase,True,0.9500,0.282
paraphrase-b049,paraphrase,True,0.9500,0.255
paraphrase-b050,paraphrase,True,0.9600,0.273
negation-b001,negation,False,0.0900,0.254
negation-b002,negation,False,0.1300,0.242
negation-b003,negation,False,0.0300,0.290
negation-b004,negation,False,0.2300,0.263
negation-b005,negation,False,0.1200,0.262
negation-b006,negation,False,0.0400,0.256
negation-b007,negation,False,0.0800,0.326
negation-b008,negation,False,0.1900,0.253
negation-b009,negation,False,0.0400,0.320
negation-b010,negation,False,0.1600,0.304
negation-b011,negation,False,0.2700,0.352
negation-b012,negation,False,0.1000,0.299
negation-b013,negation,False,0.0200,0.280
negation-b014,negation,False,0.5800,0.256
negation-b015,negation,False,0.0300,0.299
negation-b016,negation,False,0.0600,0.296
negation-b017,negation,False,0.3000,0.260
negation-b018,negation,False,0.0600,0.267
negation-b019,negation,False,0.1000,0.268
negation-b020,negation,False,0.1300,0.269
negation-b021,negation,False,0.3500,0.326
negation-b022,negation,False,0.1300,0.266
negation-b023,negation,False,0.0300,0.282
negation-b024,negation,False,0.2500,0.295
negation-b025,negation,False,0.1800,0.322
entity_swap-b001,entity_swap,False,0.0500,0.261
entity_swap-b002,entity_swap,False,0.3400,0.265
entity_swap-b003,entity_swap,False,0.0300,0.247
entity_swap-b004,entity_swap,False,0.0700,0.267
entity_swap-b005,entity_swap,False,0.0200,0.298
entity_swap-b006,entity_swap,False,0.1600,0.346
entity_swap-b007,entity_swap,False,0.0800,0.278
entity_swap-b008,entity_swap,False,0.0900,0.286
entity_swap-b009,entity_swap,False,0.1900,0.317
entity_swap-b010,entity_swap,False,0.0500,0.292
entity_swap-b011,entity_swap,False,0.1700,0.266
entity_swap-b012,entity_swap,False,0.1800,0.284
entity_swap-b013,entity_swap,False,0.1400,0.435
entity_swap-b014,entity_swap,False,0.2000,0.265
entity_swap-b015,entity_swap,False,0.2300,0.291
entity_swap-b016,entity_swap,False,0.2400,0.422
entity_swap-b017,entity_swap,False,0.0600,0.236
entity_swap-b018,entity_swap,False,0.0500,0.296
entity_swap-b019,entity_swap,False,0.0500,0.266
entity_swap-b020,entity_swap,False,0.0900,0.282
entity_swap-b021,entity_swap,False,0.1300,0.453
entity_swap-b022,entity_swap,False,0.0400,0.270
entity_swap-b023,entity_swap,False,0.0700,0.399
entity_swap-b024,entity_swap,False,0.2000,0.290
entity_swap-b025,entity_swap,False,0.0800,0.258
number_date-b001,number_date,False,0.1500,0.302
number_date-b002,number_date,False,0.2700,0.276
number_date-b003,number_date,False,0.5400,0.268
number_date-b004,number_date,False,0.4900,0.293
number_date-b005,number_date,False,0.0600,0.248
number_date-b006,number_date,False,0.0400,0.285
number_date-b007,number_date,False,0.3900,0.283
number_date-b008,number_date,False,0.2200,0.253
number_date-b009,number_date,False,0.0700,0.274
number_date-b010,number_date,False,0.2100,0.293
number_date-b011,number_date,False,0.1600,0.259
number_date-b012,number_date,False,0.1300,0.270
number_date-b013,number_date,False,0.1200,0.258
number_date-b014,number_date,False,0.3100,0.299
number_date-b015,number_date,False,0.1400,0.260
number_date-b016,number_date,False,0.1300,0.274
number_date-b017,number_date,False,0.1200,0.270
number_date-b018,number_date,False,0.1000,0.283
number_date-b019,number_date,False,0.2500,0.302
number_date-b020,number_date,False,0.4600,0.366
number_date-b021,number_date,False,0.0500,0.363
number_date-b022,number_date,False,0.0400,0.295
number_date-b023,number_date,False,0.1700,0.271
number_date-b024,number_date,False,0.1800,0.278
number_date-b025,number_date,False,0.0400,0.279
scope-b001,scope,False,0.1300,0.315
scope-b002,scope,False,0.2500,0.265
scope-b003,scope,False,0.2800,0.261
scope-b004,scope,False,0.0700,0.325
scope-b005,scope,False,0.2000,0.258
scope-b006,scope,False,0.1400,0.382
scope-b007,scope,False,0.0800,0.268
scope-b008,scope,False,0.1600,0.288
scope-b009,scope,False,0.1700,0.308
scope-b010,scope,False,0.1100,0.284
scope-b011,scope,False,0.1100,0.291
scope-b012,scope,False,0.2800,0.359
scope-b013,scope,False,0.3500,0.329
scope-b014,scope,False,0.1300,0.331
scope-b015,scope,False,0.1100,0.306
scope-b016,scope,False,0.1500,0.256
scope-b017,scope,False,0.1800,0.302
scope-b018,scope,False,0.0600,0.284
scope-b019,scope,False,0.2200,0.254
scope-b020,scope,False,0.1200,0.299
scope-b021,scope,False,0.2400,0.293
scope-b022,scope,False,0.1800,0.267
scope-b023,scope,False,0.1300,0.388
scope-b024,scope,False,0.0400,0.241
scope-b025,scope,False,0.1200,0.268
